Noun,Count
woke,16
experience,2051
music,424
pay,903
advantage,187
room,12456
morning,1939
hotel,14892
night,5382
location,7521
distance,1461
people,3008
check,1137
bath,727
view,2674
size,1459
valet,281
deal,870
parking,335
evening,251
stay,5480
sound,136
way,2405
service,5129
look,596
water,2026
light,185
play,103
cover,51
bed,1594
unit,103
car,1064
party,436
thermostat,19
spent,157
space,822
footage,3
happen,12
yep,9
channel,56
price,2591
housekeeping,93
arrange,59
person,798
weekend,1109
tub,370
suite,630
tip,307
touch,208
waiting,9
use,1198
blue,65
bottle,198
champagne,249
choice,1216
box,133
driver,171
downside,148
change,532
desk,2067
guidance,13
drop,112
gesture,29
concierge,715
try,761
impression,165
dock,27
voucher,18
rest,397
chore,6
mediterranean,6
non,40
book,1008
work,936
bathroom,3446
face,136
goldfish,2
personality,30
time,4875
lobby,1591
downtown,209
chain,267
pet,13
area,3403
hair,161
staff,10382
mix,63
color,39
stroll,101
wireless,171
print,60
wine,473
rock,93
turn,233
game,125
language,211
coffee,1397
ass,2
priceless,5
complain,186
walk,2140
dog,55
knock,29
problem,1704
mind,449
realize,41
police,89
cell,63
head,312
charge,633
phone,483
downfall,23
package,330
funny,10
buddy,3
house,573
place,4279
street,2303
plan,362
presence,31
stadium,41
thing,1447
laughing,3
floor,2855
issue,379
answer,89
city,2680
family,1272
speak,181
taxi,593
recommend,721
fact,728
homeless,26
company,225
doorman,89
return,923
access,1196
stomach,67
glass,433
food,4216
reception,1277
word,227
art,183
afternoon,458
husband,1388
talk,136
opinion,240
industry,29
caution,54
server,22
reason,358
renovation,143
monte,9
table,135
wedding,95
friend,314
restaurant,2326
dogs,49
couple,868
mighty,3
metal,34
capital,28
design,289
patron,7
shopping,732
nights,3423
plenty,635
chance,245
seating,19
spread,77
market,608
museum,286
business,1151
comparison,98
dank,5
noise,1027
clothing,22
cozy,123
job,335
office,202
storage,124
trip,2780
building,699
notch,70
alley,29
mono,2
needs,370
employee,79
reflection,22
walking,129
hour,1009
guess,249
pioneer,20
home,1063
quality,937
advice,304
rail,64
feel,801
men,140
door,1368
maid,140
instance,37
bell,138
block,628
nearby,4
store,366
secure,76
bravo,17
today,61
sturdiness,1
cruise,312
curtain,91
charm,152
smart,11
average,201
value,1752
league,9
wife,1040
shop,386
nothing,1467
exercise,80
coast,47
treadmill,14
tasty,47
days,2058
sam,8
hall,151
pocket,30
group,526
th,1086
convenient,656
concert,31
panel,38
cheery,17
fun,726
credit,237
day,4437
week,1543
card,378
clerk,163
pick,200
airport,1305
heavy,6
bellhop,21
dollar,137
tap,39
leopard,4
robe,36
complaint,463
quick,61
center,705
supervisor,20
blood,24
bag,111
oil,18
somebody,33
park,764
management,355
anybody,66
manager,627
tone,24
remind,9
help,896
fine,186
rude,155
sent,30
pull,33
gift,136
key,127
downstairs,219
paper,189
lotion,40
wait,583
life,361
ask,555
spa,358
number,473
suitcase,58
man,249
kind,622
customer,380
player,124
breakfast,5611
spending,186
beautiful,345
member,285
prompt,40
television,126
line,631
program,65
loyalty,7
machine,230
quirky,12
tomorrow,30
bummer,11
competition,24
lot,1449
wall,365
fog,5
comfort,229
crackers,25
chair,225
scope,4
rip,49
base,262
horn,3
colors,36
mattress,127
visit,1131
bar,2546
town,803
plate,62
foot,154
bring,253
throw,44
don,52
wont,45
tourist,526
make,270
trust,70
care,511
bit,1766
gold,74
luggage,584
year,1217
rate,1156
w,115
neighborhood,260
test,13
stand,67
fish,40
labor,32
afford,62
blanket,51
surprise,287
indulgence,11
option,235
cab,341
district,439
king,253
visitor,45
helicopter,25
dine,26
reference,10
st,449
tour,409
salty,12
project,11
end,809
result,63
site,599
ambulance,7
trucks,29
plane,100
elevator,387
lounge,649
lever,2
pool,2599
proposition,5
property,711
fitness,140
drab,12
sauna,86
quaint,84
basement,84
star,1099
outrage,2
palace,357
grocery,98
ran,21
nice,252
hope,199
ate,445
printer,42
times,1643
kitchen,253
cooler,45
hesitate,151
variety,433
meal,342
polite,87
heart,459
terminal,34
opposite,10
travel,691
level,443
agency,50
intruder,1
air,984
window,518
conditioner,113
order,503
personnel,107
sleep,300
availability,49
san,114
cleanliness,171
ralph,2
needle,15
unpleasant,1
reality,57
sample,30
balcony,633
money,1693
terrific,138
pike,23
disappointment,153
ironwork,1
cloudy,9
hidden,24
inch,16
bay,165
union,339
patio,114
weather,329
ledge,12
neat,39
let,415
hassle,63
drive,191
comfy,284
reservation,529
figure,113
attempt,41
course,571
leg,37
research,129
consideration,35
bus,1019
garage,176
spouse,17
confirmation,83
disappoint,47
ferry,107
shuttle,294
absolute,48
gem,266
clean,689
step,117
offer,359
satisfy,14
dont,249
facility,158
gym,304
radius,7
lake,25
pizza,127
maker,126
bedding,38
request,341
shower,1018
facet,2
guarantee,43
note,346
wire,8
sign,207
upholstery,3
conservation,2
fit,60
ice,227
drain,52
hand,328
marble,50
march,245
cut,72
opener,11
range,213
helpfulness,9
courtesy,62
rating,264
hostel,62
flip,10
dirty,246
worse,25
carpet,245
shag,3
stop,324
type,232
movie,78
dingy,36
station,1821
hertz,6
love,257
version,33
discount,133
flow,18
ride,420
owner,135
map,96
advisor,276
train,702
budget,388
wake,76
spend,123
response,86
clock,82
mention,310
interview,1
threadbare,8
moron,2
conversation,65
pressure,270
lack,245
cable,326
condition,148
baseball,20
cost,691
character,111
reviewer,94
vacation,1153
idea,264
watch,297
mean,54
believe,12
corner,725
x,66
come,103
run,138
motel,119
none,326
sleeping,19
la,441
dinner,1065
excellent,598
inn,317
immaculate,119
exit,72
easter,43
assume,9
shea,1
lots,1004
island,365
chocolate,199
brunch,16
groom,4
cute,62
bride,8
hit,32
stone,68
spot,347
honeymoon,407
reserve,91
amy,1
steer,8
deck,71
monorail,47
duck,40
claim,45
biz,6
avoid,124
furniture,361
wynn,1
date,99
stuff,225
pub,55
rabbit,6
slept,67
add,41
hutch,1
length,51
list,167
flight,611
code,47
drunken,5
bland,54
spotless,255
bet,39
eat,882
woman,180
future,128
beat,187
upstairs,26
hospitality,147
genuine,10
duty,95
contact,120
matter,261
month,255
bedroom,529
eye,75
enter,60
rarity,13
smile,145
manner,49
celebrate,72
attention,270
scratches,9
birthday,236
fresh,6
tolerance,7
race,18
rainy,23
facing,29
courtyard,267
bonus,194
vineyard,1
roof,177
perfect,384
miss,103
purchase,67
count,60
terrace,313
breath,51
glasses,102
state,193
world,660
beware,166
page,20
tell,216
piles,5
dealt,34
tea,461
style,593
decent,172
hear,120
fan,186
drunk,32
zone,35
feed,16
meter,20
solution,24
dorm,16
juice,304
happening,2
saw,110
ace,7
drug,23
noisy,155
compromise,11
conclusion,44
mildew,46
sink,162
bakery,47
sorry,88
simplicity,4
vinyl,3
fare,111
tidy,137
cardiac,1
rocket,6
glory,6
occasion,99
roll,41
muffin,8
authority,13
apathy,1
arrive,10
hospital,58
rectangle,2
spring,91
break,371
plaza,325
arrival,407
clam,3
salad,53
lunch,471
chowder,9
example,185
spinach,5
buffet,1397
crab,15
salmon,9
girl,108
award,11
intercontinental,19
regard,22
kit,31
clue,18
shaft,21
priority,52
waterfront,52
gown,2
poster,39
catch,139
think,262
tray,37
mishap,7
guard,27
security,249
club,663
anniversary,42
luxury,447
switch,67
holiday,622
plain,41
helpful,604
aid,6
lavender,4
spray,83
convention,133
conference,207
fruit,565
coupon,20
minute,1011
road,713
atmosphere,36
university,48
escape,54
review,467
skip,31
executive,258
mornings,140
nonsmoking,33
smoker,17
reward,13
rule,21
news,73
consider,62
garbage,50
disturb,55
baby,88
imagine,119
advance,192
case,304
cigarette,72
addition,194
smoking,138
health,68
smell,302
discover,26
clothes,178
compensation,34
concern,85
daughter,317
tag,23
soap,120
freeway,8
flower,37
weed,4
son,272
mask,7
garden,310
entrance,272
linen,53
lady,124
expectation,36
queen,73
responsive,8
science,16
streets,299
fee,175
toilet,408
stuck,10
term,26
roominess,2
temperature,151
period,104
square,546
amusement,4
ceiling,240
closet,218
apartment,169
traffic,361
bellboy,20
lodgings,2
stairway,5
kitchenette,70
proximity,168
ideal,228
bacon,105
supermarket,129
welcome,93
prepare,33
operation,21
point,486
wote,1
effort,127
notice,103
rhe,1
reply,18
practice,33
bargain,167
sleeper,58
iron,140
smack,16
shabby,53
board,171
guy,242
odor,48
nasty,2
rotten,2
start,286
insulation,21
express,103
cold,131
yes,260
studio,63
mid,50
dump,73
thought,122
gather,11
medium,23
trickle,8
individuality,1
heck,11
adequate,92
older,14
standard,467
firm,71
mirror,105
elegance,56
fall,78
accommodation,138
junior,27
fixture,14
grace,38
wash,52
patience,35
arena,17
definition,6
sitting,7
edge,73
sense,120
sad,10
shut,47
basket,59
min,338
meet,166
guest,183
living,153
restriction,1
preference,30
colleague,25
reach,90
receptionist,146
age,164
schedule,59
awhile,5
intention,15
fi,15
rep,66
recommendation,159
event,85
selection,541
elegant,14
transportation,242
uphill,6
shape,89
cancellation,35
mercer,4
pleasant,262
funky,64
carry,34
bellman,73
entertainment,529
history,103
advise,90
appreciate,39
brand,162
enjoy,454
mother,86
sofa,140
sit,330
sides,50
wet,54
nightcap,10
winner,30
armchair,9
delightful,18
cocktail,113
arrangement,30
pop,48
posh,17
truth,32
privacy,122
form,54
surface,23
invitation,6
host,52
cycle,9
opera,120
mall,206
court,102
share,173
deluxe,130
dark,171
season,142
rent,131
peninsula,31
attitude,155
need,461
seedy,20
modernization,2
traveler,143
getaway,132
information,292
bob,15
right,278
pastry,45
accident,17
bathtub,108
i,43
furnace,4
paint,86
hoof,3
coat,29
shampoo,68
faucet,8
agent,184
pass,187
energy,53
winter,80
scare,6
hell,64
undies,1
cool,177
jerk,2
splurge,41
summer,217
jog,5
pillow,44
twice,28
heat,183
towel,148
yeah,25
pier,49
ship,73
downhill,14
refrigerator,146
drink,421
traveller,114
pearl,12
fiance,60
warn,18
transit,41
arm,30
avail,21
agreement,17
maintenance,97
radio,58
cake,84
situation,171
drawback,95
breeze,121
creamery,1
reunion,22
hold,46
stretch,36
flavor,27
era,14
cream,90
dull,14
attraction,49
cider,4
pipe,10
pretty,54
duration,33
jaunt,4
know,32
gurgle,1
wasnt,76
suit,104
sports,132
enquire,4
roomy,82
fancy,57
telephone,67
prefer,34
section,168
theater,63
tax,128
delivery,48
lift,168
lock,70
apologize,5
devoid,2
setup,31
majority,82
picture,110
punishment,4
decline,4
jewelry,20
underpants,1
network,31
simple,51
complete,4
canada,61
search,54
sister,116
wave,5
basis,101
transport,237
fix,72
quite,21
racket,9
pacific,28
loud,46
exact,4
plumbing,23
feeling,87
appearance,31
mobility,14
hill,102
maneuver,4
prison,17
gauntlet,3
straight,6
vibration,5
endless,8
ambience,98
porcelain,2
avenue,107
awesome,39
brick,46
flush,25
half,371
hop,93
bike,32
felt,151
super,86
pun,7
route,101
bathrobe,24
duvet,27
struggle,19
pot,63
comforter,41
hello,41
confirm,43
minor,18
field,37
library,24
want,85
teenage,76
speed,106
adult,80
continental,87
bureau,7
set,72
dresser,21
someplace,16
buy,120
ventilation,44
draw,14
good,59
rise,32
improvement,74
toddler,18
bank,117
highway,39
negotiate,6
doorstep,44
speaking,109
status,47
radiator,11
wink,1
renaissance,59
silver,32
joke,70
upgrade,88
entry,58
barefoot,6
handicap,13
decade,5
dirt,42
itch,1
rash,8
coherent,1
forget,150
requirement,11
waste,129
lion,17
function,32
bid,16
halfway,5
sea,203
cocoa,8
mood,44
transfer,87
read,104
s,47
luck,94
report,78
risk,37
ancient,12
bother,153
container,15
disaster,47
dare,6
construction,336
storm,59
lit,36
beverage,40
bite,29
tender,18
steak,171
instant,6
mistake,95
expressway,2
climb,38
release,8
buildup,2
drove,21
provide,51
environs,7
suggestion,73
ground,221
sight,53
elbow,1
director,9
letter,55
series,22
policy,63
stepper,2
menu,304
source,19
meeting,118
thanks,348
treat,247
making,125
cutter,14
win,12
pooly,1
grease,6
vehicle,30
stain,15
zero,7
inner,15
child,78
control,131
businessman,5
display,33
motion,9
overnight,8
prize,4
convenience,168
cup,99
cafeteria,14
school,88
ease,31
quarters,26
difference,205
boy,58
mediocre,79
serve,66
fair,42
baggage,48
forth,20
crowd,77
messy,6
core,8
round,171
factory,38
process,103
tower,351
suburb,8
accurate,15
feature,93
superb,391
attend,12
nobody,89
accommodate,43
heater,37
pleasure,198
screen,156
p,24
bliss,8
mandarin,36
mint,11
completion,4
crazy,28
church,80
gentleman,53
thereas,1
limit,18
seat,87
meant,49
counter,77
insane,7
resistance,8
caramel,2
brown,12
modern,22
middle,88
hesitation,141
receive,17
assistance,83
hi,49
aircraft,8
curb,9
error,14
refurbishment,41
ruth,14
leisure,54
ticket,118
action,176
apology,59
cordial,1
monitor,7
consistent,3
sum,33
taste,193
mouth,16
hood,2
sweater,3
observation,15
plastic,52
inquire,10
dreary,3
sour,1
urn,1
river,271
professional,34
steal,18
class,399
killer,8
aquarium,54
bistro,34
manger,8
doll,7
lemon,4
emergency,33
kindness,18
recheck,2
husky,1
streetcar,28
terminus,7
vomit,9
bare,33
decrepit,2
pee,7
plethora,2
fireplace,73
wood,87
football,50
shelf,58
overlook,19
goal,9
understand,128
grab,76
criteria,19
reps,19
everyday,20
payed,4
stays,85
stayed,34
wore,3
movement,11
cotton,47
checked,7
discussion,21
cuisine,73
heating,25
gossip,2
thank,203
soso,39
fast,32
extend,5
wicker,6
rickety,7
showing,10
seek,6
port,104
choose,93
slow,10
peak,33
joe,5
facade,7
liquor,52
bartender,104
hostess,27
slab,4
mistook,3
lighting,23
brownie,2
chenille,1
tile,50
worthless,8
york,465
dozen,38
seam,2
copy,31
comfortable,33
moment,314
greet,49
frette,7
theme,93
dessert,34
butter,31
apple,131
cheese,60
link,25
exception,132
favor,36
v,57
peace,95
competent,19
inviting,12
oasis,99
flawless,19
item,55
wonder,51
couch,9
seaport,7
glad,126
sliver,2
praise,50
departure,129
registry,1
proceeds,1
interior,26
freak,5
spell,6
commute,10
feedback,23
efficient,114
onion,9
drake,3
separateness,1
magazine,16
heading,6
estate,16
behavior,3
hip,127
connector,2
administration,5
upscale,2
crew,55
blow,20
contract,8
uncertainty,2
challenge,26
burn,13
strain,1
model,10
bright,19
gag,1
threesome,1
outdoors,28
colorado,3
lodge,22
trot,2
continent,4
sans,6
hallway,85
dormitory,1
hemp,1
college,65
hearing,12
drawers,59
occupancy,18
wow,144
commons,4
reading,120
twin,155
female,22
worth,351
claw,3
moldy,19
partner,171
slate,11
shoji,1
refresh,6
gas,32
cant,64
harbor,81
peer,5
someday,8
attentive,26
scene,70
loan,7
reimbursement,3
relocate,4
inform,18
leave,26
cancel,26
adjustment,8
ballroom,8
budge,6
fortune,27
promise,20
blast,67
explanation,18
engineer,11
lukewarm,10
stool,8
providing,4
snack,114
jazz,118
trouble,297
indifference,8
compilation,1
press,27
blues,10
sorrento,3
certificate,6
criticism,72
gloomy,5
cisco,3
support,28
question,104
cigar,22
knob,8
highlight,49
dust,30
spoke,30
confusion,31
layer,2
match,42
paramount,6
track,46
jacket,15
trend,4
cash,118
understanding,8
thread,5
sheet,53
exfoliation,2
slippery,14
ravioli,4
dime,12
crane,6
fluffy,32
grill,186
pile,4
mon,8
pan,28
confession,1
sliding,3
adjoining,11
musty,59
general,6
c,37
tobacco,12
spite,11
west,23
cent,29
graciousness,5
refund,50
charmless,4
structure,15
south,29
wind,47
timing,3
restless,2
n,9
workout,57
ball,32
decoration,83
cork,4
rubber,19
chicken,59
eager,22
pitiful,2
reminiscent,2
approach,30
stylish,20
equipment,119
bathing,4
damper,5
outlet,28
comment,217
urine,4
quieter,70
effect,32
smoke,128
drinking,46
beer,287
blackout,13
coziness,1
jail,5
village,88
lay,35
butt,6
freeze,4
rust,9
stunk,13
sausage,58
forgot,9
midnight,102
mount,7
blueberry,7
jeff,3
considerate,13
rental,14
fate,2
premier,23
soft,1
van,79
laundry,68
consensus,3
crisp,28
stocks,4
campus,10
june,249
cleaner,28
bread,142
zoo,58
mess,31
correspondence,3
consolation,6
cart,43
limb,2
booking,107
student,26
environment,61
mariner,1
stress,42
albeit,6
piece,76
dam,117
wa,9
tables,180
coulee,1
god,52
yea,7
layout,55
plush,36
aspect,34
fault,311
vintage,26
encourage,11
pond,20
winery,2
snooty,7
mile,68
premiere,3
explain,25
shake,4
zip,8
country,287
safety,87
rang,34
blah,11
pair,23
gripe,41
armoire,11
weird,15
terry,14
waitress,45
soda,46
grade,11
bird,16
stock,40
cluster,4
pack,85
permit,4
par,45
steam,77
shock,26
lap,11
ly,1
story,108
intimate,38
hazy,1
tater,1
potato,13
respect,53
reflect,6
bordello,1
frequent,12
heartbeat,85
input,4
steep,4
overlarge,1
brochure,35
princess,132
airy,45
pea,2
soundproof,11
architect,2
curt,10
amour,1
wear,18
cement,6
jack,25
web,59
shot,20
overhaul,14
platinum,43
sage,10
training,26
reputation,50
introduce,4
darkness,11
leaves,20
solo,11
um,2
desire,30
treatment,106
presentation,65
salon,17
haircut,2
jewel,35
rainer,1
groovy,6
pimp,1
spectacular,18
bustling,8
barolo,1
refuse,19
belief,11
dusty,9
celebration,43
respond,36
logging,1
pure,38
cat,23
marketing,6
musk,1
taxis,120
candy,19
august,85
backwards,30
didnt,233
bend,7
death,20
self,42
dance,84
ham,37
snobby,10
wealthy,2
repeat,51
sameness,2
rod,9
fabric,5
dream,76
cog,1
homeland,2
label,8
metaphor,1
hung,33
moody,5
tux,1
choosing,3
echo,5
silverware,7
honor,23
jump,50
downer,13
rode,16
nickel,7
usage,13
create,13
connectivity,9
audio,1
waffle,14
loss,23
shoe,21
swank,2
waterfall,20
admit,80
alcove,1
warmer,32
vanilla,6
earth,26
definite,13
education,4
dimly,2
till,117
designer,52
suppose,15
f,15
ill,34
aisle,1
hint,20
opening,27
crash,22
climate,29
factor,63
greyhound,2
meagre,3
slip,15
bowl,52
ruin,22
topless,29
malfunction,2
extreme,5
aka,4
artist,12
solve,7
automobile,2
appetizer,17
ladies,123
finger,9
mate,38
wrap,17
opportunity,111
sexy,7
intimacy,3
massager,2
smallness,2
fin,5
kudos,23
sort,166
geometry,1
dead,1
driving,19
tech,15
kitten,1
buttons,19
plasma,44
doughnut,2
splitting,1
ways,100
yummy,21
equate,2
rob,2
justify,12
oh,42
cheesecake,12
connection,156
borrow,21
gate,113
chip,17
shell,12
reconfirm,3
stopover,35
doubletree,6
vanity,36
cuff,2
livid,1
rotator,1
hire,41
muscle,4
institution,3
combination,68
concept,39
driveway,5
serta,1
outdoor,59
team,140
banquet,9
percent,7
body,76
hairy,4
quiet,33
wing,24
attribute,5
mingle,11
embassy,39
atrium,37
tournament,5
residence,80
cook,68
punch,16
remodel,14
die,52
resort,1755
broken,13
shirt,28
jasmine,3
ah,7
told,28
shoot,5
screaming,1
peril,3
voice,15
slob,1
retreat,43
assignment,2
shuffling,1
embodiment,1
basic,12
overall,17
omelet,18
chef,84
boarding,21
printing,16
cereal,158
part,1
product,22
left,21
litter,1
oxygen,1
gouge,3
humor,20
traps,8
neighbor,13
feather,10
strip,69
mass,25
freshman,1
motor,42
address,44
pickup,34
bait,8
pound,18
drag,23
payment,26
penalty,9
currency,20
banana,40
cinnamon,6
milk,128
jam,39
fork,10
fame,9
gourmet,55
infestation,7
smit,2
stale,11
tariff,13
drum,3
lane,16
vier,1
subway,216
drilling,7
advertise,16
hesitant,5
raid,1
tiny,23
trek,9
redominate,1
sewage,21
freshener,12
lug,8
cubicle,25
representation,4
tolerate,8
ocean,102
alcohol,61
expect,14
beach,2385
ignore,22
frustration,11
band,54
shrimp,30
worker,26
sun,246
lounger,12
colonial,54
lobster,66
veal,4
angel,7
grounds,604
sure,90
foliage,4
butler,43
cater,37
bug,95
safari,30
pape,1
animation,68
hardy,3
lazy,14
deter,10
tram,216
noon,66
cosy,26
cooking,20
inconvenience,58
carte,163
wardrobe,73
whats,18
exchange,59
cage,7
barcelona,489
compartment,4
loo,18
swift,16
guinea,1
button,33
packet,16
sand,240
e,57
mains,4
starter,6
rita,4
l,35
chips,54
rump,1
gram,1
china,98
paddy,10
circle,25
harbour,164
warm,143
sterling,3
score,10
hate,48
truck,46
resident,9
dawn,20
registration,14
repair,51
ha,12
aesthetics,3
dice,3
preparation,12
past,29
citizen,5
concur,3
destination,95
norm,21
toll,9
deceiving,1
validate,4
complainer,4
crown,7
material,15
chump,1
better,13
bear,13
shame,76
cheap,57
depot,7
magnolia,8
record,27
find,1
bedtime,11
historic,8
tiffany,2
hassel,2
depository,3
assassination,1
ave,5
trolley,75
rodeo,11
youve,2
theyre,2
snuggle,3
stroller,13
airplane,11
nonskid,1
forwards,3
swell,1
bali,192
cottage,12
bouquet,8
brilliant,61
dining,106
aunt,5
foam,11
crack,28
dress,44
chop,6
platform,20
beneath,13
mosquito,29
torch,7
parasol,3
tissue,15
cross,60
shoop,1
crick,1
queue,33
activity,118
account,48
angle,9
assist,40
assistant,12
supplier,2
blunt,3
tha,6
cheque,1
bonfire,2
boston,224
demand,24
deliberation,2
remainder,20
alarm,69
decision,93
nightmare,56
picturesque,17
joining,1
meaning,22
failure,5
seminar,4
sleepless,9
deliver,19
participant,4
indifferent,9
scads,2
drawer,23
sturdy,1
pleny,1
lumpy,10
oatmeal,8
freedom,28
trail,24
sentence,6
literature,10
encounter,37
venture,66
swim,148
sweet,23
phase,4
mansion,20
sculler,1
potatoes,23
orange,114
drapery,2
leftover,3
burrito,2
supply,62
frigid,2
grille,17
dad,17
nutcracker,1
topnotch,25
charmer,3
conservatory,4
assure,15
inconsistent,14
refusal,2
turkey,12
sandwich,25
cutoff,2
inclusion,3
beacon,10
recognition,9
cod,3
cape,4
commonwealth,8
wheel,16
load,18
commode,3
portion,38
build,8
professionalism,24
opulence,14
penny,63
trinity,5
call,2
gap,24
thats,156
fed,3
require,20
oak,5
horrible,5
relief,39
redeye,8
lab,2
homey,17
pale,3
symphony,3
relaxation,80
obstruction,2
decadent,3
beauty,67
architecture,78
offering,67
porter,45
smith,4
meat,109
liqueur,3
castle,32
fake,5
boat,155
rite,2
regular,6
mice,13
petit,19
mouse,13
delay,41
finale,2
brulee,3
whiskey,3
prepay,7
mike,18
t,9
captain,10
registrar,1
waiter,93
parker,4
hurt,13
bombshell,1
strange,14
rack,47
guide,90
royal,134
scale,28
accounting,2
inspect,3
department,76
glance,14
aloof,9
arrogance,8
discovery,13
remedy,8
pooch,1
ghost,12
steel,23
tops,36
rough,14
linoleum,1
flung,2
cleaning,95
screeching,1
cockroach,20
roach,10
trash,37
shook,4
vacuum,12
possibility,21
dissatisfaction,9
dart,3
strength,23
lifetime,15
mark,87
beg,10
laugh,22
plead,1
spaghetti,8
border,6
crosswalk,2
north,21
fly,36
bel,3
harpist,2
interim,1
begin,23
stuffy,32
edgy,1
finish,5
egg,54
whites,5
compare,51
thrill,3
asset,21
happiness,4
charming,18
royalty,68
valentine,3
description,42
outnumber,2
rain,159
eyelash,2
calm,56
landscape,22
caveat,14
truly,20
lax,4
setting,26
marseilles,7
potential,9
license,2
closure,4
proving,1
manage,47
enjoyment,12
flood,18
inmate,2
profit,4
discerning,1
laughter,5
kept,47
headache,14
repairman,5
everybody,68
hammock,20
running,6
suggest,30
shore,23
alright,15
collins,3
doe,2
pic,4
plug,37
rebook,12
unsure,13
fisherman,50
soup,41
squab,1
beef,51
bodega,3
wouldnt,48
revenge,7
wreck,5
umbrella,30
quarter,345
hubby,27
evidence,17
post,94
ta,20
rig,1
say,15
staple,3
dauphine,9
memory,46
relaxed,18
deadline,1
bucket,35
progress,15
extension,13
hurricane,46
annoyance,15
bourbon,96
picky,23
utility,5
purifier,1
fountain,22
newspaper,53
lemonade,8
opulent,13
attendant,34
placement,6
recover,7
intrusion,4
disruption,5
doorknob,2
spark,2
tho,26
fixing,3
shift,16
creak,2
assortment,23
drizzle,2
respite,10
cheesy,11
easy,21
filtration,2
thoughtful,3
predinner,11
spout,2
freezer,11
bailey,5
mae,3
essence,14
nursing,3
boss,15
commend,4
footing,1
diamond,93
calibre,11
watching,8
difficulty,43
deluge,2
villa,157
recovery,6
flaw,15
madness,7
ie,42
circa,3
peep,6
pattern,3
fulfill,7
canal,43
stream,9
caliber,16
casino,285
wallet,36
companion,15
passageway,2
message,35
inefficiency,3
clunk,1
distress,5
hammering,2
blessing,5
spill,5
poolside,35
stellar,3
retrospect,6
lamp,17
bulb,14
burnt,4
fellow,13
tossup,2
sunroom,2
moon,28
maze,15
dowager,2
mildewy,5
retire,2
plump,3
sprint,2
joy,43
damages,4
passenger,7
damage,26
video,23
dent,1
opt,14
cause,70
pitch,18
bridesmaid,2
garter,1
establishment,57
belt,9
k,24
wee,15
coop,1
yard,12
user,6
shout,13
total,11
refurbish,1
mar,73
satisfaction,33
magnificent,62
renew,10
preserve,4
rebuild,3
perspective,19
conscience,2
tourism,31
sunk,2
corridor,69
forfeit,1
infection,17
lieu,4
scent,10
bless,11
medication,14
worry,68
thief,3
staffer,2
patronage,2
prevent,28
transgression,1
alleviate,1
minimum,11
festival,24
biscuit,6
midsummer,3
genteel,2
wallpaper,15
dink,1
pilot,1
frig,13
evident,2
agenda,3
wish,25
horizon,7
graduation,7
ai,9
pump,4
heaven,31
hindsight,7
goldenrod,1
housekeeper,34
closer,15
antique,31
prince,34
deposit,61
weight,22
snob,8
chill,45
phoenix,36
tunnel,8
chase,11
inconvenient,13
concentration,2
plague,8
celebrity,19
mistaken,2
doubt,159
persistent,2
achieve,4
increase,12
appreciation,11
snowy,1
underneath,17
gel,29
balance,29
locate,19
tuna,7
mountain,45
turner,1
fuse,7
toasty,1
amenity,40
cow,15
explore,63
hollow,9
lombard,8
buck,29
chestnut,5
backside,3
diner,73
wharf,83
plunger,3
argue,9
clog,2
incident,23
plunge,28
marina,90
funds,8
directory,5
pharmacy,24
breaking,2
bridge,253
topography,1
mel,3
commemorate,1
jeep,10
east,17
commander,4
wonderful,137
diva,11
bedspread,14
onwards,5
grandma,3
hide,6
grout,8
complimentary,27
valley,28
sons,38
background,26
soul,15
act,39
altho,8
relax,206
tenderloin,10
siren,8
introduction,12
generator,5
skid,3
row,37
bench,12
indigo,2
economy,22
takin,1
gotten,23
cot,27
warrant,6
freight,8
flier,1
hey,67
clutter,6
cylinder,2
column,4
prima,1
remote,34
perpetuate,1
rex,30
lone,6
adjacent,5
signature,30
stage,37
needless,8
parent,7
knew,39
production,6
toast,105
admission,8
height,14
buzzy,3
gallery,56
u,22
frond,2
stair,7
daylight,9
whilst,126
descent,6
curate,2
commission,12
occurrence,7
halibut,2
gaudy,2
revelation,1
nook,7
afar,1
bien,2
tasteful,10
cabernet,1
bud,7
tradition,13
haunt,3
cliff,13
spin,2
restful,6
smallish,6
minus,21
ton,34
headquarters,6
study,6
hubbub,5
lori,3
scone,2
overview,6
chancellor,66
chose,25
cartwright,4
soundproofing,5
homework,19
pour,7
cupboard,26
contrast,22
legion,2
seal,8
expedition,5
partook,1
scala,2
quartet,3
spirit,14
position,163
snooze,2
fraction,21
treasure,21
spooky,2
damp,35
unload,2
roller,5
clift,18
clead,1
fiancee,18
resolve,7
discomfort,4
reaction,24
jeans,15
japan,44
yuck,8
condensation,10
vent,13
seater,4
importance,11
redwood,6
finishing,7
tube,151
insert,1
accommodating,12
cheer,4
hearts,10
stung,3
shutoff,1
goods,41
data,5
crap,34
scuffed,4
uninviting,2
hanging,2
cloud,22
pony,2
tail,4
surcharge,16
flooring,5
grey,17
doctor,58
trun,1
appeal,12
violet,2
fashion,44
generation,6
relation,17
exhibit,7
glamour,4
brains,3
texture,2
spice,14
gang,5
goddaughter,1
scenery,33
popularity,14
sugar,25
brother,44
nob,20
glow,3
profile,4
kensington,18
ark,1
impatience,2
inland,4
economical,1
century,49
guidebook,9
huckleberry,1
piano,64
mason,10
law,34
profound,1
sherry,2
academy,4
confess,8
path,44
quince,1
cognac,2
spare,5
direction,138
beaten,7
b,65
journey,88
lafayette,3
harry,7
tiring,4
boots,7
velvet,6
friendliness,31
distinction,2
goi,2
venue,31
swan,16
recharge,7
quietness,6
category,41
justice,29
welcoming,48
pace,35
plaid,1
homemade,9
pain,54
hideaway,5
split,26
dressing,6
mold,46
jar,4
commodore,1
interaction,10
survey,9
afraid,6
power,137
weakness,2
throwback,2
massage,177
perfume,4
milestone,4
join,54
staircase,31
caught,11
lead,13
incense,5
surprising,5
refill,20
caddy,3
guesthouse,8
sculpture,7
showroom,3
efficiency,28
transporter,1
ping,2
works,56
pong,4
wakes,3
convert,3
canteen,2
wildfire,2
anna,8
utilization,2
clever,16
privilege,15
donkey,1
toiletry,7
silence,14
honk,3
amazing,56
dig,4
revenue,5
purpose,16
coincidence,4
sick,16
appointment,22
flu,4
fireside,1
send,45
brink,3
spoil,28
success,18
operator,32
onset,2
select,9
hopeless,4
demolition,3
randy,7
saint,26
blizzard,5
parade,11
hook,18
eater,36
gasket,1
shopper,3
bound,4
blown,4
statement,22
handy,11
promotion,20
verify,4
officer,7
h,26
trump,9
perfection,52
instruction,6
knowledge,58
spike,1
brass,9
plant,14
proposal,4
cheerful,13
buzz,29
empire,78
broadway,26
greenery,8
disturbance,10
rick,28
millions,8
peacefulness,2
portrayal,1
learnt,4
pianist,9
cane,9
flair,8
mum,14
limousine,20
peter,19
coolness,4
hazelnut,1
tranquility,22
freshen,14
bunch,35
virgin,19
ba,8
ya,11
peaceful,5
chaos,13
manners,17
limitation,1
tony,8
soho,44
lag,18
jet,52
met,11
eaten,10
cranberry,4
quickie,1
wrapping,1
delight,19
canny,1
craziness,8
validation,1
mobile,2
guitarist,1
iridium,1
snow,5
sector,3
dan,6
arabesque,1
advertising,11
odds,10
billboard,2
trade,37
discrete,2
accolade,1
mission,17
contest,11
judge,21
deserve,22
ability,28
kori,1
comedy,7
tide,4
classes,23
maintain,12
rear,10
greeting,13
bulk,2
strike,22
restock,9
eve,2
weekday,5
fussy,18
pollution,14
ample,7
midst,18
til,23
double,30
unique,18
civility,1
perk,21
infrequent,2
streetside,6
willingness,10
bang,33
goodness,43
eh,3
kabuki,3
clarion,9
sake,5
photo,33
reprobate,1
shoulder,11
watchman,1
bounce,6
cardboard,6
alternate,4
prayer,1
interrogation,1
praying,1
device,6
bade,1
flophouse,3
brought,20
wise,70
title,17
task,12
knowing,10
serge,1
touristy,30
save,23
billing,14
pretend,6
substance,12
surroundings,90
greeter,5
nancy,6
chat,7
eats,12
decorate,2
petite,4
florist,2
oka,1
ownership,16
renewal,3
vow,1
lagoon,34
paradise,196
eagerness,1
crepe,10
ceremony,17
honey,16
broker,2
stall,27
buffer,2
peppermint,1
lei,4
carpeting,7
royale,1
sandy,10
seaside,9
golf,177
backdrop,2
decompress,3
serenity,13
omelette,11
decompression,1
las,173
regency,16
summons,1
tree,26
kai,1
turtle,5
roar,3
lawn,15
bordering,2
performance,16
mausoleum,1
corporation,6
disrepair,3
indicator,3
bittersweet,2
investment,12
plotting,1
helm,1
minimal,4
misrepresentation,4
certainty,1
analysis,1
dolphin,5
oversight,3
shade,36
nut,7
civilization,4
humanity,2
tai,5
pink,15
exude,1
disappointing,13
fetch,6
fortress,3
courteous,1
preface,5
sheer,17
hula,18
expense,25
deprivation,3
straw,8
prove,9
razor,13
velocity,1
bump,7
stick,20
backup,7
grandeur,6
strategy,1
pavement,8
fifteenth,1
reef,23
outrigger,23
swap,8
sunset,38
explorer,5
bin,10
countless,15
beachcomber,3
whale,5
ho,3
costing,2
timer,8
flea,18
push,20
lam,1
reasonable,4
brighten,1
cove,10
painting,5
surf,33
insect,7
microwave,30
electricity,35
belonging,1
engine,12
jimmy,9
fever,4
collect,7
bamboo,15
relationship,5
azure,9
classy,42
northeast,3
lord,6
peanut,5
rice,56
indication,10
wool,5
firewood,1
ready,33
fisher,1
gallon,6
flusher,1
broth,1
tapas,92
pint,12
hanger,5
sucker,6
snag,3
entree,3
chandelier,5
celebratory,2
close,17
hole,37
trifle,2
penetrate,3
dome,21
dowdy,1
rout,1
temp,14
blazer,1
preset,1
engineering,10
refit,4
wasabi,3
land,49
spicy,5
ionizer,1
debacle,2
granite,13
vibrant,6
toothbrush,17
hookup,9
stir,5
alternative,9
bracket,10
junk,7
propriety,1
hustle,13
multimillion,2
monster,8
oyster,10
millennium,10
effortless,7
crawl,8
special,1
charger,10
tier,5
worn,13
disposal,6
buyer,8
divide,2
developer,4
proof,22
satisfactory,12
government,29
ratio,8
custom,13
auction,4
oval,3
soaking,8
haymarket,3
outer,8
id,31
hearty,18
slight,17
technician,2
imply,1
neighboring,3
vault,7
graze,1
contents,8
palmer,1
determine,7
planner,13
microphone,2
ranch,7
yo,9
prairie,3
savvy,2
transformer,2
replacement,21
volume,25
switching,2
careless,3
harder,11
scam,18
incompetent,5
debit,10
mechanism,2
jovial,2
documentation,5
swipe,5
vending,3
griffin,2
mat,15
disgrace,15
cap,27
luke,10
participate,11
transition,6
cabin,11
shack,11
revelry,4
swamp,4
benet,1
carriage,7
pam,2
stove,14
sell,36
tank,16
boardwalk,14
testing,1
singles,72
ginger,4
tomato,7
role,3
hamburger,12
filter,8
degree,25
frank,30
camelback,4
scrounge,3
exterminator,2
scorpion,3
renovate,5
desert,39
lush,12
scape,3
file,4
president,6
masseuse,5
repellent,19
survive,2
perfunctory,2
forethought,1
appliance,3
hike,19
wright,1
bee,2
motorcycle,4
barrio,6
unemployment,1
gratis,5
wastebasket,2
instructor,2
tennis,68
grave,2
throat,3
vision,10
venom,2
finding,16
sky,34
chauffer,3
surveillance,3
tape,8
embarrassing,2
riser,7
pointless,6
confrontation,3
ambassador,15
thereof,2
atop,3
hilltop,1
snafu,1
farmer,5
backgammon,1
sir,9
favorite,29
gin,13
perrier,1
coke,24
landmark,9
peacock,5
manor,10
stew,3
lamb,8
integrity,4
foyer,57
r,30
ers,1
frame,20
soak,28
font,1
wi,13
tiburon,2
pork,34
loin,1
extent,17
mao,3
shadow,4
inscription,1
grandiosity,1
brill,6
confidence,13
necessity,5
adviser,9
napa,4
operate,9
crime,17
adventure,47
element,4
fillet,6
anti,3
patient,38
fuzz,1
cough,4
indeterminate,1
rory,2
anonymity,1
souvenir,9
emphasis,7
direct,3
boiler,7
orientation,9
sooner,6
latera,2
betty,1
camera,63
writer,8
premium,37
reduction,7
stricture,1
reg,2
retention,1
popcorn,5
graduate,1
od,1
tin,19
crib,27
memo,1
complication,1
mail,29
accessibility,10
flag,23
links,46
understood,14
hail,13
accent,5
connect,18
honest,23
triple,24
benefit,38
decadence,3
eagle,4
theres,21
bustle,22
buckwheat,3
grandpa,1
indoors,14
belie,1
hum,12
amazement,2
clientele,17
fist,6
thankful,2
cancer,3
fiddle,2
baptism,2
await,3
duckie,3
shorter,6
focus,19
sunlight,9
odd,11
quantity,18
hot,6
rush,51
sedan,7
pig,9
bran,2
lie,29
remake,5
cutlery,15
speedy,10
preponderance,2
outage,6
ref,3
micro,6
awful,18
hong,135
excursion,100
jade,9
territory,7
capacity,31
cord,11
communicate,40
grime,10
hinge,4
jungle,20
culture,62
sha,14
tall,6
promptness,1
scooter,6
absence,8
employer,4
abundance,25
target,14
responsiveness,3
misinformation,4
marathon,14
pretense,2
representative,6
barrage,1
counting,2
cantina,6
ear,11
dash,5
specify,3
harm,3
birth,5
wench,1
protection,4
verification,1
apply,2
disc,2
prob,10
frenzy,3
vista,25
powder,15
arms,20
colt,1
smelt,12
gloominess,1
shortage,24
bothersome,4
mustiness,1
disgust,2
geta,1
breaker,4
fort,23
landing,1
grub,5
pane,12
sundae,1
digest,1
hurry,21
chitchat,1
muir,4
pizzeria,18
heaps,13
accountability,1
tad,18
mode,5
sweetie,3
corona,7
peppercorn,1
kiki,4
scheme,16
cond,2
extra,18
pity,28
locale,2
dismay,6
colorful,3
sol,51
sunshine,17
dip,19
ray,12
bat,9
splash,20
broom,10
deduct,3
bunk,6
trundle,1
faultless,16
tacky,4
intend,7
whils,1
commuter,2
presidio,2
cookout,1
sport,17
al,51
handmade,4
faulty,8
zombie,1
responsibility,14
burning,2
patel,2
chit,1
placard,1
nonsmoker,4
cancelation,2
allow,8
lose,4
macaroni,3
pat,7
coin,13
forum,9
trader,3
safe,7
grandmother,7
turnaround,17
fleet,11
polk,6
manageress,3
sensitivity,2
bagel,10
ness,3
county,6
concrete,17
warning,27
patch,8
grant,5
bush,6
marshal,1
warf,4
keen,10
rusty,3
nature,37
midday,16
fortunate,19
behalf,10
outside,1
chamber,7
commerce,2
skillet,2
hug,4
appalling,1
coastal,1
attendance,2
understatement,1
yell,3
passing,8
insider,7
wealth,7
inter,4
burt,1
youth,11
crushing,1
greener,2
drama,4
intersection,15
characterize,1
cloth,12
assign,3
tenement,4
mad,7
banging,9
ramp,7
stink,6
perimeter,4
master,25
condominium,1
tri,2
sty,1
reminder,8
decibel,1
kingdom,2
catwalk,2
m,36
polyester,3
desperation,6
crest,2
passport,37
photocopy,2
stranger,5
bathe,3
lye,1
porch,9
banyan,2
stray,4
possession,1
pristine,14
salt,20
mac,11
wan,20
regret,42
ala,40
hoti,1
cam,4
goup,1
kick,7
duke,17
hut,36
motif,5
drummer,3
awake,15
interesting,9
laid,18
society,7
marriage,13
song,9
canoe,1
henry,12
pie,5
ow,1
plantation,5
revitalization,1
float,15
raft,11
random,9
pause,4
congestion,9
repeater,2
cabinet,25
tolerant,3
vaultlike,1
swam,13
politeness,11
giant,16
bah,2
duct,7
brandish,1
existent,6
intent,4
evacuation,4
blonde,3
forecast,12
saver,5
taps,24
drier,4
basin,24
image,13
coach,23
moan,15
extractor,6
kiosk,10
widow,3
shear,1
shears,2
railroad,3
fading,2
jake,1
roommate,7
nation,9
awe,6
granddaughter,4
multiple,20
excuse,32
filthy,14
gal,3
frown,1
creepy,11
foul,8
voodoo,3
supreme,3
fear,11
slice,17
madeline,1
neck,6
purse,18
donation,3
satin,3
vacancy,5
male,13
snug,2
creole,2
laura,12
steamboat,1
colder,6
cast,5
sole,5
traverse,1
satellite,14
filling,14
crawfish,1
afternoons,20
sidewalk,13
sketchy,8
bulldog,5
dish,9
fiasco,5
sympathize,1
theft,14
thoroughly,1
suffice,10
brush,33
teeth,32
sleepy,4
exaggeration,12
ivy,1
raise,10
resent,3
cram,4
reconstruction,3
bedside,26
guru,2
horror,17
canel,4
whirlpool,18
recognize,2
starve,10
mids,3
sedate,2
dire,8
chateau,8
refer,5
disagreement,1
southwest,4
apparent,5
contractor,5
sidearm,1
recept,2
holder,23
prohibit,1
boom,6
whew,1
sandpaper,1
gentle,5
frat,2
brownstone,1
walkway,15
firework,1
vantage,3
variation,12
draft,4
consistency,10
wipe,5
locker,10
indoor,21
complex,18
worst,1
feline,1
sweetheart,7
digs,7
width,3
gay,31
freeman,2
yorker,12
reluctance,3
customs,21
escalator,13
sanity,7
wisdom,2
browse,6
prelude,2
conversationalist,1
d,8
painless,13
vodka,14
dover,3
fragrance,2
mercy,4
provider,8
auditor,1
convince,11
filet,13
luna,16
chest,4
method,5
cattle,6
name,4
cleanness,2
emerald,6
squeezing,1
tab,4
eatery,8
boot,21
conversion,7
cherry,8
retain,2
yr,41
nap,4
midrange,8
windshield,1
stability,1
novelty,6
protein,3
kim,3
regatta,1
gasworks,1
avalanche,1
whistler,1
skies,3
horseshoe,2
midway,3
suspect,8
reverse,3
overcharge,6
authenticity,4
impact,8
sweetener,1
creamer,4
leak,17
foremost,5
stench,5
ann,3
anyways,25
incoming,1
stump,1
bloody,7
miracle,5
bleed,2
agree,22
troy,1
span,4
scalding,2
divine,20
unwind,4
measure,8
condenser,1
werent,18
flame,16
sticks,14
devastation,4
firsthand,2
twist,13
bachelor,3
cajun,4
prone,4
commendable,1
compliment,6
drank,44
inspire,5
ramada,18
amends,3
parfait,3
sore,5
gene,3
platter,17
greasy,7
membership,19
separate,1
disembark,2
lover,13
flash,14
underground,18
slam,1
stare,6
exhaust,8
huh,5
midget,1
runway,6
signal,7
gun,1
spy,2
juggling,2
gardening,2
reiterate,7
grove,3
bangkok,16
humidifier,1
immediate,2
apprehension,4
props,2
smattering,1
malaise,1
hardwood,16
linger,3
demanding,2
collection,34
hobby,1
sin,5
folk,6
cure,1
grit,4
fu,1
glam,3
cathedral,4
dayroom,3
remember,58
rank,28
terror,2
bunny,4
gilt,1
turndown,3
ana,15
wasting,3
outfit,5
epitome,1
boorish,1
brief,28
wot,1
comfortably,2
grits,5
se,9
unpack,13
hefty,1
refreshing,4
permission,6
mousse,4
pigsty,1
short,1
liability,3
simpler,1
danger,5
refuel,2
depth,6
deb,2
squeeze,19
twain,3
fresno,1
expedient,1
havent,10
population,6
shady,2
trace,9
wether,5
mart,4
civic,2
persuasion,2
honda,1
tent,6
unlock,4
dodgy,13
flop,2
doesnt,23
capability,3
stark,7
humming,2
snorkel,22
vine,5
starry,2
overblown,1
destress,1
flare,2
everyone,3
antidote,1
yoga,17
technology,12
envy,2
paradox,2
minimalism,3
seclusion,5
whatsoever,8
phobic,1
blind,15
cayman,2
swimming,60
supervision,3
witness,3
camp,24
talent,8
gale,1
distraction,4
force,10
reconsider,7
handling,2
leader,4
ritzy,2
mango,8
sixth,2
dean,9
anticipate,10
barbecue,8
toy,6
el,126
flat,3
vacationer,3
conquistador,32
seaweed,31
palm,87
violence,3
bullet,9
investigation,5
insurance,14
pedicure,8
gambler,4
manicure,8
peek,10
broiler,1
overrun,5
yor,1
bingo,7
scoop,1
dispute,6
happier,18
perfectionist,1
whisper,2
tripping,1
dragon,6
convent,6
vice,9
disinfectant,2
aggravation,5
designation,2
bedboard,1
bats,3
dusk,6
roost,1
insult,6
forgetting,1
brushing,1
incompetence,2
veranda,8
bose,8
significance,2
architectural,1
gusto,2
jerry,7
ben,14
competitor,4
upwards,9
fairness,10
mi,13
walker,17
settee,5
pad,10
counterpane,1
disgusting,7
horseback,46
stateside,2
playground,11
tribute,3
pablo,16
relay,2
autism,1
prop,3
sunrise,9
infinity,25
palomino,9
eliminate,1
pancake,15
flatter,1
scuff,7
stingray,4
iguana,3
scraping,1
imagination,12
virus,9
inclinator,1
countryside,20
marginal,1
animal,5
fight,23
lousy,2
summar,1
kayak,10
furnishing,4
grain,7
fishing,7
slack,2
swimsuit,3
laminate,2
pineapple,16
scrub,8
slide,30
annoy,5
whim,9
charity,4
high,2
bioluminescent,8
grass,15
bogey,1
compound,8
basketball,21
volleyball,34
teens,23
spider,3
sub,6
catamaran,22
turns,11
corpse,1
finer,4
undergoing,1
haul,6
versus,5
spathe,1
lettuce,7
vinegar,5
cucumber,1
grapefruit,8
urgency,4
planet,18
rio,34
supper,10
pride,14
humour,8
shuffle,1
tractor,3
wildlife,15
sizes,11
honesty,16
jamb,2
chemical,2
router,1
forest,9
revisit,14
josie,1
lodging,3
rum,81
vandalism,1
markup,2
vicinity,46
proofing,3
pina,28
parilla,2
antithesis,1
adventurer,1
daytime,9
costumer,2
redecoration,6
yesterday,35
breezy,5
culebra,8
flamenco,34
calmer,5
careful,9
feeding,3
aqua,22
destruction,1
fuel,4
diesel,6
optimism,1
marvel,2
dive,7
portico,1
rug,4
busy,2
muddy,2
dregs,1
canopy,13
colony,4
exist,4
bean,3
attack,7
ponce,19
fuss,22
gratuity,13
pitcher,4
parrot,16
sufficient,9
pirate,2
rewind,1
fusion,19
drinker,11
teacher,7
maria,57
informal,1
pa,7
guitar,5
copa,1
resource,5
snapper,3
sail,4
g,7
rincon,17
observatory,6
bent,14
cheat,4
index,4
sampler,3
candle,9
punta,468
martin,13
dumpy,1
coconut,22
eating,32
thou,4
animator,4
ghetto,6
pledge,2
corn,5
algae,2
duper,1
windy,6
downgrade,5
pants,40
attire,5
lent,6
incentive,2
discourage,7
salvage,1
contain,6
farm,6
communication,41
mild,7
bye,5
write,22
whistle,4
presidente,19
shorts,22
peso,6
comprehension,3
disinterest,3
stem,1
rudeness,11
reader,7
prostitution,4
attentiveness,3
bust,2
incorrect,6
seldom,5
scenary,1
breathe,9
clubhouse,3
staffed,9
illness,10
moist,5
mignon,7
negativity,6
seemless,2
functional,5
dye,1
republic,58
tee,9
decide,21
gabi,8
cave,1
jean,7
father,22
strung,2
macao,25
turquoise,16
humid,31
saloon,4
congregate,1
spoon,11
humidity,33
tipping,10
obligatory,1
riding,1
soccer,23
recourse,2
lawsuit,3
waiver,3
plentiful,26
teller,1
glove,4
prescription,5
wage,2
j,14
minority,14
string,2
immerse,1
onslaught,1
costa,5
manatee,3
gain,13
capitalism,1
tristate,1
chronic,1
waxy,1
iffy,3
crisis,7
lighten,1
consumption,7
formula,3
gardener,2
horse,31
sweat,19
bootleg,1
diarrhea,15
ad,13
wrong,3
trainer,3
locking,1
squid,3
tongs,2
loco,16
jersey,20
diver,1
marine,1
entertaining,5
bumpy,13
disguise,4
barrier,71
fruity,4
math,6
bungalow,11
envelope,3
vegetation,10
association,3
learning,2
sessions,7
shocker,4
haggle,10
behaviour,5
dom,10
singer,10
allowance,2
mud,5
dune,4
brag,7
sewer,8
outsider,2
hacienda,12
polo,28
filth,8
palladium,38
forel,1
barrel,3
chopin,6
curtesy,1
sesame,1
toi,3
accept,16
handle,22
ashore,1
buggy,9
riot,3
affect,6
wild,1
nonexistent,8
specialty,62
sauce,17
beast,1
tummy,5
slander,1
withen,1
caviar,4
bracelet,6
harassment,2
harmless,1
nurse,7
booze,15
dealer,4
smelling,5
outcast,1
heartburn,1
ingest,1
bacteria,6
shaving,1
hasta,1
applause,2
immigration,12
conflict,4
resolution,4
listen,6
coco,20
lame,9
configuration,9
bone,4
watermelon,3
powdery,3
ache,2
barman,21
brit,5
nationality,4
perception,5
employment,1
crystal,17
lesson,22
russia,4
translate,8
immense,5
upset,5
repetitive,3
parasite,3
fluent,13
oclock,14
dos,3
runner,4
holidaymaker,2
thousand,2
superclass,1
anticipation,6
rye,2
dose,1
tan,8
allergy,2
blowing,4
client,22
drawn,6
bidet,36
arent,5
gondola,7
feces,6
minuet,2
lend,3
roulette,6
draught,2
wandy,1
victor,21
catalina,10
dressy,1
scarry,1
poker,10
speech,1
envelop,1
notebook,3
pesky,1
pagoda,3
theirselves,2
darts,7
mindful,1
fat,3
traveling,3
pit,6
delta,8
stake,5
angelica,2
handful,2
darn,6
livelihood,1
tropical,2
cos,9
choreography,2
smooth,10
nighttime,1
theat,1
surgery,7
diverse,4
rap,9
melody,3
grandfather,3
watery,4
barn,3
broke,3
deg,2
shouldnt,4
imitation,2
goat,9
slot,29
content,8
fifth,6
organizer,2
constant,2
knife,12
blanc,3
na,4
rouge,9
apart,11
dislike,14
unwell,2
infant,3
plaster,5
mines,1
drill,3
entirety,4
setback,1
precaution,2
logistics,2
hunt,7
lucky,13
swat,1
battle,7
coul,4
downpour,7
siesta,10
overcook,1
papaya,4
nerve,6
arrest,1
idiot,3
trio,3
rehearsal,3
gazebo,3
film,21
flexibility,8
maybe,2
charter,7
rumor,3
tranquil,17
cartoon,2
foreigner,3
prejudice,1
salute,1
chile,3
import,1
participation,7
craps,3
feat,7
cube,3
ist,3
overflow,1
retrieve,8
sentiment,1
cousin,7
conserve,3
swimmer,4
archery,10
enthusiasm,8
trapeze,11
provision,5
monkey,5
lan,10
exclusiveness,1
blade,1
flying,1
endure,10
session,8
microscopic,6
disadvantage,12
diversity,6
circus,12
cirque,6
gear,2
terrain,4
myth,3
topic,1
flounder,1
liter,1
visibility,3
sunny,14
interact,4
knee,5
gos,1
taught,2
malaria,15
colon,17
whick,1
shallow,7
miro,7
retirement,4
argentine,2
penthouse,15
julio,18
marmalade,3
northwards,1
shine,5
festivity,1
community,18
got,17
thunderstorm,6
yerba,4
cabana,10
dragonfly,5
dampness,6
conducive,1
distillery,1
jaun,3
sang,6
blink,3
gamble,5
restrict,1
frog,1
sat,11
excitement,10
derogatory,1
bogie,1
inquiry,4
escambron,3
breakwater,2
sundries,2
strewn,6
wander,24
tool,5
capture,4
pia,1
temple,19
ding,1
variability,1
chamois,1
side,4
determinant,1
react,3
unfortunate,3
haven,1
midweek,4
lull,1
cheeseburger,7
moisture,7
summery,1
promenade,8
scream,7
musky,4
update,3
low,2
abide,1
revolve,1
component,1
peeling,4
live,1
learn,36
incur,2
fail,2
recall,9
clammy,2
governor,1
aroma,3
roger,1
expansion,2
sweaty,5
koko,1
slummy,1
displeasure,4
runaround,1
juicy,2
recuperate,1
yoghurt,32
gon,13
disrespect,1
aint,5
foundation,2
soprano,2
recession,2
contribute,3
procedure,9
carol,6
mahogany,1
joey,7
assess,1
mixture,22
thud,2
protest,1
fot,3
expensive,15
scrip,1
fa,1
blackjack,5
carnival,7
chili,4
distaste,2
assessment,3
icy,4
nuisance,7
turf,4
sandbox,1
surfer,4
desolate,2
enroll,2
distant,7
acumen,1
substandard,11
owe,1
prepayment,4
consumer,2
consent,2
pepper,3
flamingo,4
converse,7
outback,21
che,1
bake,1
josh,3
performer,2
tobe,1
wax,2
wrist,6
depression,1
isle,5
chaise,10
elaine,2
promote,1
policeman,2
utmost,2
grandson,4
species,3
berlin,228
informative,2
ranger,1
destiny,2
cubby,1
correct,15
zenith,1
rhumba,2
consultant,3
examination,4
indigestion,2
submit,1
audience,15
adapt,2
slop,4
spoken,5
cones,4
silky,4
partake,7
playa,15
bocce,2
sacrifice,4
rave,6
contingent,1
buzzing,7
entice,1
sa,2
sensor,6
carman,3
solicit,1
traction,1
soles,2
rope,1
flotation,1
devise,2
susi,1
goulash,1
rib,8
dixie,1
scrape,3
pate,1
annoying,5
little,4
fool,11
blame,14
aware,3
sting,2
sirloin,1
regardless,1
singing,3
underwater,3
delirium,1
inspection,13
maya,10
slushy,1
mock,1
bullfrog,1
generalization,1
mug,10
tidbit,1
unrest,1
sale,17
ban,5
mas,6
fantasia,1
attorney,1
backward,1
moderation,3
scotch,5
beefeater,1
bond,19
wheeler,6
quad,13
longer,3
include,2
relate,3
gorge,3
hoot,9
ceramics,2
sensibility,1
discipline,2
splendid,19
pointer,2
dealing,2
speciality,26
bun,3
nephew,2
amber,5
investigate,5
nudity,1
intramuscular,1
imposter,1
novice,1
mentality,5
quetzal,1
hungry,5
niece,4
tat,2
shanty,1
thatch,1
optics,1
rehearse,1
assumption,4
crying,1
puna,3
adaptor,13
briefly,11
adapter,12
lip,7
crummy,4
warmly,9
bitch,1
mater,2
collard,1
surround,8
grouper,6
chemist,2
pole,1
linctus,1
crude,2
ant,2
hardness,2
abundant,1
visiting,7
ash,3
friendless,1
suffer,14
disbelief,1
selling,21
sickness,5
kep,2
useless,5
daisy,1
sneeze,2
gosh,3
necklace,7
stereo,15
battery,28
thermo,2
outcome,1
anger,2
commotion,5
trepidation,11
phrase,8
cheeky,5
camper,10
yahoo,3
threw,4
episode,2
murphy,3
dizziness,1
nausea,4
rub,5
converter,5
stopper,4
teach,3
engage,2
pooli,2
rocking,1
recreation,3
dill,1
prep,6
newton,3
grown,4
command,7
nonsense,4
colour,16
spokesman,1
shoo,1
thirty,13
excellence,111
deny,2
ignorance,3
milligram,1
lump,3
perform,1
paddle,2
particular,4
take,1
aim,7
invasion,2
jaw,3
dyer,1
brazil,3
gastroenteritis,2
redundant,2
walter,14
trumpet,1
hog,2
analogy,1
karaoke,4
ware,3
wellness,8
array,26
brunswick,1
recapture,1
walt,10
nod,3
expenditure,1
flour,2
helper,1
roon,6
bleach,10
meringue,1
clay,4
dreamy,2
hector,8
measles,1
roosters,8
lingerie,3
identification,1
gaff,1
munch,2
aa,3
chosen,9
chubby,1
institute,2
critic,3
melt,7
media,12
nepotism,1
inclement,1
negligence,1
postage,9
pinky,1
stamp,6
chime,3
impatient,2
prostitute,2
liner,5
tropic,2
bioluminescence,1
wrought,3
thrifty,2
pueblo,7
runaway,1
mature,5
disparity,3
foreman,1
expert,6
lupis,1
official,4
tactics,1
stainless,6
torn,2
jo,1
backing,2
thirsty,2
injury,6
exterior,5
damn,3
rocky,2
depart,7
breakdown,2
middleman,1
prepurchase,1
philosopher,1
poet,1
warmth,22
development,7
bask,1
windowless,3
continue,10
owl,10
froze,1
thump,1
tack,2
emporium,1
discreet,13
boring,8
saffron,1
phenomenon,2
monument,7
branch,6
independence,2
sitio,1
refuge,8
breathing,3
boulevard,10
flan,1
indicate,3
mayor,45
geat,9
trap,24
speaker,14
insomnia,3
tire,7
loudness,3
sending,2
smog,3
insulate,1
bes,3
tuck,2
stolen,3
move,1
pyramid,2
quote,3
transaction,4
marco,40
ballet,7
slum,1
miniature,4
functionality,3
starfish,1
ring,9
goner,1
mesh,1
reset,2
bull,7
fence,8
marijuana,3
drip,2
bass,10
cheaply,7
moderate,2
redo,2
wiser,1
extravagance,2
bygone,4
rowdy,6
surpass,4
carafe,1
bice,1
floating,3
vivid,1
entertain,6
mole,1
everything,6
concave,1
temptation,6
pension,3
builder,3
leafy,1
peeve,4
margarita,7
goof,1
marquis,3
atmospheric,1
fraud,7
drainage,8
pastor,2
cityscape,4
approaching,1
cosmopolitan,11
stank,8
chaotic,1
cad,3
clearer,2
orient,2
affair,17
serviceman,1
creature,10
beforehand,1
diversion,4
hockey,2
loma,1
hoppers,1
azteca,1
satisfying,3
basilica,1
auditorium,1
godson,2
calligraphy,1
compensate,17
secret,4
blend,6
homelike,2
author,3
cavelike,1
photographer,6
intrusiveness,1
outwell,1
liquid,7
rue,39
permanent,1
pastel,2
ecole,5
headroom,1
tomb,2
sterile,2
represent,3
bijou,3
communal,1
covent,3
leaf,5
aswell,9
flavour,9
second,5
overdone,3
flowery,1
belong,1
curl,1
sip,9
romance,17
interpretation,4
interchange,3
imagines,1
pomp,2
edition,2
playfulness,1
pantry,8
buzzer,8
plunder,1
commitment,7
exquisite,4
doorbell,12
handbag,6
arc,36
tandem,1
triumph,12
cosmos,1
trunk,5
cress,1
brim,2
triangle,3
slap,7
respectful,4
pamper,3
engagement,3
summertime,2
afield,3
damme,1
merit,3
mister,2
athenee,2
brassy,1
present,2
bon,9
indulgent,1
dame,51
cite,1
crumb,2
solarium,5
escapism,1
seamless,7
hash,4
inability,3
relent,1
indulge,5
sticking,1
windmill,1
notion,2
discrepancy,3
turnback,1
throwaway,2
jig,1
frist,4
alas,4
tow,7
sommelier,2
allocate,3
niggle,5
gallet,2
tasteless,7
extortionate,5
footstool,3
motto,4
dainty,1
anteroom,1
jut,1
complement,3
reina,8
circuit,4
clad,1
parliament,7
thysen,1
zapatero,1
partition,4
deception,1
appropriate,3
harsh,3
sterility,1
tapa,4
impersonal,3
swinging,1
kat,4
carillon,1
caffeine,2
cobweb,1
cellophane,1
atocha,7
rotunda,3
kickback,1
squeak,1
public,12
pardo,1
gee,2
jiggle,1
dial,5
supplement,13
vat,4
roundabout,6
scuffy,1
net,9
income,3
spree,4
leather,24
patisserie,7
alongside,2
luxe,6
sympathetic,1
despair,3
mushroom,3
blandness,1
tortilla,5
citrus,3
upbeat,2
sewerage,2
bearing,9
majestic,4
granada,5
familia,23
fantasy,1
refound,1
unsatisfactory,2
conclude,4
derby,1
bo,2
headboard,6
tubby,1
wages,3
bikini,3
crop,3
roster,1
drabness,1
tailor,2
auto,6
disagree,5
abac,1
porto,2
dearth,1
mor,2
fluency,1
feast,12
regent,16
apricot,3
calmness,1
bloc,2
bowls,4
concoction,5
holocaust,2
panache,1
linden,14
scaffolding,1
bulky,4
flashing,1
piazza,58
florence,631
surname,2
snobbery,3
savoy,9
cycling,2
den,4
inconsistency,1
bountiful,3
squeaky,2
ex,9
acknowledge,6
railway,65
perch,2
clubroom,1
masterpiece,1
havel,1
dreadful,6
tate,8
dungeon,6
riverside,3
liveliness,1
dodge,3
inefficient,2
password,8
borough,10
sling,1
cushion,3
whip,3
adjoin,1
entity,3
disclaimer,2
jubilee,2
closeness,6
questionnaire,2
quirk,2
compact,8
snoring,1
cooling,2
bypass,3
sag,2
hassock,1
asleep,2
pronto,1
chesterfield,11
carnation,1
exhibition,15
stiff,2
asparagus,2
fur,2
irritating,3
duly,4
sniff,1
phantom,1
depressing,4
inordinate,1
immersion,1
refinement,3
midmorning,2
reckon,5
centric,1
crypt,1
paolo,7
bedclothes,4
iceland,2
snapshot,1
roast,10
havoc,2
clone,2
delicious,1
seine,18
folder,3
dot,3
sept,17
fresco,9
dosage,1
medicine,8
pont,6
eu,4
amidst,5
ville,4
champaign,4
assets,5
hale,3
gauche,2
odeon,1
pantheon,24
disregard,5
remediation,1
di,11
torture,4
sex,14
dutch,28
tiger,4
socialism,1
fund,2
semester,2
exclusivity,3
admire,6
shy,2
grocer,3
midsentence,1
modification,1
magnum,2
anything,1
saxophone,2
relais,13
tod,1
excelsior,3
mille,1
escort,7
heritage,10
dude,4
heroin,2
stationery,1
authorization,2
merchant,11
vehement,1
mockery,1
chorus,3
reopen,1
maxim,6
narrow,4
wooden,10
singlet,1
seethe,4
soaker,3
voyage,4
predawn,1
deadcenter,1
fluff,4
za,3
associate,1
repack,2
pottery,3
circumstance,5
token,1
calendar,2
dell,2
pokey,3
hookers,5
bearer,1
forte,2
impressive,4
region,23
proper,4
bumper,2
fender,1
settle,5
gare,18
mil,2
sloping,1
surmise,1
cinema,6
watering,2
shutting,1
telling,4
faint,10
sprinkler,2
bolt,2
recommand,6
cest,7
er,7
working,6
crutch,1
spotty,2
napoleon,3
mend,1
brioche,4
receipt,21
forgotten,3
remove,7
recollection,2
giggle,3
keyboard,11
monsoon,1
chap,8
wonderland,4
fatigue,2
entresol,1
tulip,12
dedication,6
portfolio,1
thoroughfare,13
transparent,1
cellar,1
washroom,19
minuscule,4
consequence,7
steeply,1
moulin,6
advert,2
browsing,1
graham,1
breathless,1
cemetery,1
morsel,1
gypsy,2
sponge,6
dejeuner,4
leaflet,1
centrale,3
symposium,2
specialist,1
messe,3
crossroads,4
vender,2
liking,5
hard,8
peach,2
petrol,6
chauffeur,2
mixer,3
allot,4
mouthwash,3
lime,1
vitality,1
garten,2
classification,3
hammam,2
memorial,3
ka,2
likewise,5
em,2
ibis,11
discuss,6
urge,4
leaver,1
hub,19
seemly,1
haste,1
housemaid,1
afterdinner,1
drape,1
wheat,1
monstrosity,4
sparse,6
navigation,2
cola,7
rearrange,4
intercity,4
xenia,1
booklet,8
effects,6
morgen,1
tolerable,1
kettle,34
tablet,6
chapel,7
superior,2
melon,4
galore,5
cracker,1
shutter,7
stopgap,1
burst,7
stunning,5
shredding,1
accordance,2
counterfeit,1
identity,5
poss,3
hopoff,4
log,9
anxiety,3
labyrinthine,1
gerbil,1
worm,3
contradiction,1
vendor,7
stella,5
listening,1
grat,4
proportion,6
novella,16
advocate,1
knack,2
circulation,7
photography,1
starchy,1
carolus,1
stood,6
alba,4
tavern,2
homesick,1
bu,3
election,3
ballot,1
audacity,2
sultry,2
mona,3
query,4
doge,2
missing,1
delusional,1
offbeat,1
recede,1
enquiry,3
insight,1
decker,6
presto,1
globe,5
extravagant,1
gathering,4
arch,13
wisteria,1
bicycle,6
ascertain,1
relevant,1
convey,3
flashy,1
godsend,8
loaner,1
yellow,4
mob,1
padlock,1
plywood,2
chlorine,5
argument,5
apt,3
albe,3
layover,7
combine,3
navigate,10
thickness,2
duffel,2
tonight,1
pickpocket,1
cava,44
flyer,4
mezzanine,7
askew,1
madame,4
neon,3
frontage,7
garment,2
longing,2
pod,3
bitter,3
exotic,1
tie,7
wellington,3
buster,2
pin,9
nose,2
bloodhound,1
spec,4
victim,2
franklin,11
pax,3
tight,5
thanksgiving,4
grouse,1
intruding,1
fantastic,12
sleek,3
scrap,1
scarf,1
longe,3
clarity,1
bereavement,1
conquer,1
rad,1
reservationist,4
teen,3
debonaire,1
blissful,1
craft,4
gaby,8
kent,2
register,10
benjamin,26
yacht,1
pon,1
bain,1
enrol,2
liberty,23
aloofness,1
snobbishness,1
trick,6
playbill,1
illumination,1
swung,3
clips,4
launch,2
cramped,3
withdrawal,1
bowels,1
carcass,1
suffering,2
poky,2
aerobus,16
grubby,12
coverlet,1
chic,7
arrogant,3
bottomless,3
sparks,1
secretary,1
therapist,4
attachment,3
whinge,2
corder,2
reflexology,2
commodity,1
commonplace,1
nail,2
oversize,2
mediocrity,2
handicapped,1
polloi,1
pu,1
mop,4
undersea,1
officiousness,1
nonetheless,3
pavilion,2
tenth,2
shark,7
beige,4
nontourist,2
tales,5
sweep,1
creep,2
adolescent,2
totem,3
perry,1
twelfth,1
burden,1
wakiki,3
charthouse,1
occupy,2
clinic,4
aneurysm,1
alo,1
installation,3
relieve,1
blocker,1
polity,1
skin,10
grow,1
crow,1
das,2
tongue,4
tryout,1
hade,2
frazzle,1
hygiene,6
capitan,2
dictate,1
scratch,6
lindo,2
bur,2
absorb,3
rocklike,1
lifeless,2
dorado,4
needles,2
extract,1
audit,1
exaggerate,1
yelling,1
plankton,2
numero,1
greatness,2
torpedo,1
eerie,1
brood,1
jetty,2
emerge,2
rage,1
carambola,1
warehouse,13
kicker,5
boost,3
insanity,2
quasi,1
hazard,1
bomb,8
testament,3
razoo,1
boiling,1
mitigate,1
activate,2
whirl,2
scarce,2
crater,2
sticker,3
tye,1
lulu,5
mystery,12
flimsy,4
ko,1
pi,9
crusie,1
enclosure,4
sansei,2
inflation,2
fringe,5
choke,2
flagship,4
wholesaler,1
legend,3
spiegel,1
entering,3
levers,1
golfer,3
dreamt,2
rink,3
jury,21
waterway,1
document,1
heyday,1
scum,2
overprice,2
robot,1
bridal,1
gall,2
deterioration,3
manny,5
lick,3
alligator,1
jug,4
boil,8
tuff,2
ashes,2
carton,2
eyebrow,1
awkward,1
speck,2
limp,1
gen,2
shaver,2
lifeguard,2
muse,25
toothache,1
misery,6
afterward,1
barney,2
foolishness,2
inadequate,2
cooly,2
slick,5
pilgrimage,1
compassionate,3
galley,2
straightforward,5
communicator,1
tune,4
sleet,1
padding,2
maple,4
syrup,5
pumpkin,2
thumb,4
benjy,1
eggy,1
pedestal,2
woodland,1
originality,2
calf,1
infirm,2
appetite,4
proprietor,8
brusque,3
chintz,1
papa,4
larry,4
miserable,2
mockingbird,1
floss,1
ross,1
competence,1
skimpy,2
accusatory,2
ale,1
concourse,8
buff,2
gateway,4
earn,4
mileage,4
crate,1
career,2
shepherd,2
summon,1
discredit,2
veneer,3
density,2
jerky,1
jackhammer,3
characterful,3
punk,1
cannery,12
percolator,2
robbery,7
standout,5
glaze,2
orchard,56
classroom,1
uncle,4
nightcaps,3
honeydew,1
zoological,1
novel,1
ketchup,3
concession,4
tramcar,1
cocaine,2
allegro,4
chameleon,1
trampoline,4
survival,2
peel,4
dysentery,2
communicating,2
bees,2
dancer,4
dung,1
doom,3
stormy,2
waterside,1
opaque,4
corny,1
gulp,1
nope,3
grouchy,1
lizard,2
irregular,1
reciprocate,1
claro,1
persistence,3
influx,2
memorable,2
pinpoint,3
carless,2
panic,1
advertisement,5
seeing,2
projection,2
dictionary,1
stack,6
inturn,1
forage,1
houri,2
champion,3
somewheres,1
assurance,1
stole,4
keeper,3
da,15
sneaker,1
translation,10
minister,2
marry,2
hairdo,1
discharge,1
shuffleboard,2
organize,2
cesspool,1
rat,8
beginning,2
youl,5
negotiation,2
plumber,4
professor,1
stockbroker,1
impersonator,1
ruddy,1
weigh,2
malt,1
entertainer,4
ogle,1
dehydration,2
thunder,2
barter,8
lightening,1
ringer,1
summit,4
chief,1
backstage,1
coca,3
milder,1
beech,6
wounds,1
gasoline,2
cortisone,2
steroid,1
kyle,1
grumpy,7
taking,6
aga,1
wat,3
duplicate,3
salmonella,1
talkie,2
robbing,1
trousers,6
eighty,2
lounging,1
tequila,4
fathom,2
involve,2
quinine,1
colonic,1
bidding,3
freezing,5
paco,2
tenor,1
amateur,2
alto,1
virtuoso,1
demeanor,4
mastery,2
sax,6
pedro,6
paragraph,2
tyre,1
bodyguard,1
volley,3
exciting,1
candlelight,2
magic,8
skim,1
cascade,3
encouraging,1
rosario,3
exceptional,5
scary,1
cop,3
hero,2
chess,6
rifle,2
palma,11
tame,2
shandy,1
fro,7
magician,1
folklore,1
maximum,3
exam,1
dancing,5
champain,1
hives,2
agony,1
kill,10
poison,2
chichi,1
steward,1
sammy,1
refrigeration,3
barley,2
horrific,5
summarize,1
luncheon,1
manure,1
trinket,1
coli,1
crave,1
tot,2
suck,3
keno,2
profiting,1
lucy,1
itchy,4
hoax,3
heckle,1
inconsiderate,3
fount,1
abuse,1
pill,2
hound,1
ashame,1
ripe,2
cone,2
overabundance,1
bree,1
ignorant,4
mamma,2
sash,2
potent,1
beck,2
inclusive,4
refreshment,4
condor,1
headset,1
reins,1
misquote,1
rescue,7
eraser,1
poverty,4
household,4
tress,1
skimp,2
tay,1
playboy,1
aloud,2
teeny,8
petty,1
scenario,3
enjoying,2
contention,1
rodent,2
dove,2
betters,1
syndrome,1
crappie,1
handout,1
ridden,1
heavens,2
sue,3
vitamin,2
banner,1
brew,2
carpenter,1
announce,1
mundane,3
joiner,1
blotchy,1
floatation,1
textbook,1
habit,4
foist,2
porterhouse,1
misunderstanding,1
rainstorm,1
pickwick,4
crush,3
scatter,1
evacuate,1
carrousel,1
retract,1
footbridge,2
coffeepot,3
pastrami,1
otter,1
couter,1
robin,2
surrealist,1
breakage,1
imagery,1
agora,5
technique,3
whata,2
regulate,4
roundhouse,2
median,1
twilight,1
machinery,3
terrible,2
heed,5
pleasing,1
grasp,3
doc,2
imp,1
rubbery,3
sundry,2
gum,4
statue,22
telescope,4
bobby,1
bateaux,1
batt,1
clipper,3
sophistication,8
upside,1
governance,1
scraper,2
hooker,2
goodwill,7
salvation,2
army,3
overload,4
brave,3
cooter,1
o,4
beautification,1
gator,1
rehabilitation,1
balky,1
application,2
fest,1
degradation,1
console,4
farther,3
specific,3
vacant,1
loyalist,1
baton,2
gruff,1
aday,1
thumping,1
quiz,1
barry,3
lox,1
sneak,2
myrtle,1
rag,3
fluke,3
endurance,1
dexter,1
appealing,1
wearing,2
roker,1
astor,4
quit,4
differentiate,1
disorganization,1
aura,3
geography,4
ridge,14
canyon,7
lessor,1
screw,3
acception,1
fuji,7
chew,1
championship,3
cheeper,1
detergent,5
rectangular,2
hotter,5
stucco,1
overbook,2
quilt,1
icon,1
stow,2
silicon,1
cha,4
washer,9
misprint,1
cay,1
ringing,1
dishwasher,17
blender,1
candlewood,1
kodak,6
luce,1
bogart,1
forties,1
jingle,1
dependent,1
booth,3
highland,6
souffle,1
chock,1
chunky,4
snotty,2
es,2
universal,2
sunburnt,1
sunburn,1
marcel,1
idol,1
duff,1
vert,1
vila,2
marlin,2
montana,5
eclipse,1
teak,3
passion,7
devotion,1
hangout,9
chambermaid,7
chow,5
koi,4
electronics,8
anecdote,1
ornate,2
baroque,2
taxing,1
smoky,7
airiness,2
strict,2
lenience,1
tranquillity,2
cloying,1
insure,6
elm,1
detract,4
premise,4
avid,1
greedy,3
spinner,1
maturity,1
genre,1
grind,2
tale,5
silent,2
backache,3
plasticity,1
hyper,1
honeymooner,3
teensy,2
decimal,1
fairy,1
pretentiousness,2
bum,3
millionaire,2
matinee,2
flay,1
throwdown,1
organization,7
remains,1
atelier,1
whiff,3
garth,2
scientist,2
pen,2
visitation,1
goofy,1
foe,1
clown,1
noodle,2
rainbow,5
metropolitan,2
dee,2
shure,1
eczema,1
deep,1
darken,1
gush,1
entryway,1
workshop,3
serene,3
sublime,4
muffle,1
substitute,2
reassure,1
crowbar,1
pry,3
relative,1
porridge,4
frasier,1
seaplane,1
ruby,1
mushy,1
downright,6
embark,3
volunteer,1
mo,9
selective,1
steepness,1
detest,1
ade,1
coincide,1
void,2
veuve,1
bending,1
intown,1
reissue,1
impeccable,1
execution,3
folio,1
carrot,2
purist,1
sur,2
estimate,3
affordable,1
denote,1
probation,1
spaciousness,4
goody,4
midafternoon,3
dim,18
nozzle,2
fondness,2
zoetrope,1
toaster,19
panda,2
medal,1
ethos,4
iceberg,1
moss,1
topmost,1
colorist,1
recommendable,2
turk,1
metropolis,4
disruptive,2
pregnancy,1
nonunion,1
insist,10
q,4
layne,2
educational,1
insistent,1
morgan,1
preschool,1
shovel,1
sifter,1
quarry,2
actor,1
sufficiency,1
tara,1
panorama,6
comb,6
apsis,14
linguistics,2
hiccup,4
bari,5
unfamiliar,1
beday,1
contemporary,1
hurrah,1
agua,2
whist,1
revolting,1
enemy,2
nick,2
marc,2
insignificance,1
frankfurter,2
agon,6
si,3
translator,2
paste,6
grate,2
courier,4
funicular,2
scabies,3
sadist,1
furthermore,5
helpless,1
mould,13
hamster,1
grid,1
joint,3
tension,1
reducer,1
junction,13
chrome,5
ambient,6
reboard,1
rambler,1
conformation,2
touring,2
clot,1
sing,4
believing,1
ordinariness,1
tattoo,4
selva,3
porterage,2
glowing,2
produce,3
moko,1
glazing,3
freshness,4
quadruple,1
flute,1
frequency,2
irritation,2
moving,2
harmony,2
kiddy,2
derelict,1
doorframe,1
woe,2
fowl,1
stag,11
external,1
passage,5
methodology,1
stero,1
hen,12
listing,1
carrier,5
blouse,1
curry,7
commendation,1
vehicular,1
pud,1
collin,1
empress,1
whare,1
curiosity,5
lite,1
thinker,1
hoopla,2
comforting,2
removal,4
locality,7
standing,6
plank,2
stash,2
upsides,1
grateful,6
interruption,2
wend,1
pursuit,2
slighty,2
insufficient,1
te,3
subtle,3
deficiency,2
diffident,1
recurrent,1
perfecti,2
crawling,2
morbid,1
bam,2
silk,9
gawk,1
pickings,2
frosty,2
tobacconist,1
centrum,4
redesign,1
convergence,1
clearness,2
annex,12
brough,1
gloss,2
momo,2
pervasive,1
roam,2
stoop,1
cling,1
oven,1
trouser,3
indolence,1
solitude,2
cumbersome,2
chalk,1
bottleneck,1
snail,1
impress,9
equip,2
delft,1
panelling,1
schiller,2
het,1
luminator,1
saga,2
tasting,2
dab,5
recompense,2
dehumidify,1
cinch,1
washbasin,7
uniqueness,2
kras,1
depending,1
introductory,3
permeate,1
war,9
sock,1
smarten,1
pudding,2
lass,1
scruffy,1
nonrestriction,1
immune,2
stagger,4
swanky,4
valance,1
forever,2
bogus,1
flannels,3
minibus,3
overt,1
meaningless,1
ounce,1
silversmith,1
restore,2
ink,3
retrace,1
pungent,1
wack,1
congratulation,1
dilemma,2
teaser,1
adamant,2
jumper,2
gummy,1
resume,2
alleyway,3
rinse,7
swoon,1
dropping,2
pigeon,2
geneva,1
collateral,1
defense,3
spectacle,8
twinkling,1
disposition,3
ripple,1
subterranean,1
rover,1
therefor,1
ditto,4
housing,7
workmanship,2
janitor,1
soleless,1
therapy,7
opposit,2
crowdy,2
revamp,4
cro,1
consulate,4
pocketbook,1
banco,2
crunch,1
freed,1
poach,2
socket,10
clatter,1
anyone,2
trim,1
secondhand,1
sketchiness,1
en,3
reasonably,2
wit,1
trailer,1
brewery,3
blip,1
belle,2
absurd,1
cloakroom,1
bishop,3
waist,4
din,6
clearance,2
dope,1
voyager,1
businesslike,3
earl,1
impolite,3
burnout,1
inward,3
mineral,2
behold,1
sheeting,1
winding,1
grr,1
approval,4
laud,1
occupant,1
berg,1
entitlement,1
crockery,6
chagrin,2
kaiser,2
outlook,9
succi,1
clearing,4
friendship,4
pornography,1
servile,1
decorative,2
geometric,1
informality,1
racism,2
taster,1
mustard,1
friendly,3
carrying,8
slumber,1
tooth,2
plastering,1
yar,1
doughy,1
victory,3
separation,1
spoilt,6
balm,1
bonhomie,1
gender,1
hat,3
stuffed,2
underpass,3
dinghy,1
confinement,1
knickers,2
slash,1
calico,1
nova,2
canalboat,1
lipstick,2
tenant,1
outward,1
inquisitor,1
sank,3
sabina,5
sophia,2
lorry,1
pulp,1
fiction,1
vermin,1
delicatessen,1
scouter,1
maestro,1
skirting,1
tryp,6
serrano,1
suppress,1
emulsion,1
hob,7
burner,2
massive,1
maritime,8
grownup,1
sidenote,2
toss,1
exploration,6
vary,2
airless,3
taller,9
textile,2
glum,1
slump,1
motivation,1
blaster,1
resist,5
canalside,4
flask,2
ambassade,2
adopt,1
quirkiness,1
risky,1
madam,3
stoner,1
om,2
jordan,5
citadel,2
kneeling,1
glee,1
remark,1
munt,1
boundless,2
sill,1
donna,1
ladder,3
coz,7
coverage,1
tackle,2
minx,1
hardship,1
acceptance,2
attract,3
boon,4
dev,1
sideways,5
mitre,2
ribbon,2
dispatch,1
taula,1
sparkling,1
vertigo,3
brilliance,1
scales,3
expand,1
decamp,1
plea,1
kidney,1
tiresome,1
skylight,2
footy,2
saunter,1
hay,2
aero,1
matrass,1
baguette,8
quant,1
creaky,1
disdain,1
threatening,1
obe,1
hillside,2
bianco,7
lining,1
beam,5
spoiler,1
healthful,1
burke,1
passionate,2
keystone,1
fiftieth,1
electrics,3
crusty,3
dispenser,11
splendor,1
throughput,1
baptistery,1
circulate,1
something,7
clef,1
grinder,1
workman,1
pierrot,1
maximize,2
strengthen,1
etiquette,1
semi,3
pendant,1
plum,1
reimburse,3
misunderstood,2
qualification,1
influence,5
girlie,1
demi,1
concord,1
prestige,3
dependable,1
storybook,2
taj,1
mein,1
lo,3
arches,4
depiction,1
ascent,1
postbox,1
watchword,1
capsule,2
kebab,3
bunker,4
fra,3
fry,6
keener,1
issuer,1
lad,1
fantastico,1
caravan,1
tele,2
featureless,1
sant,2
anodyne,1
sewery,1
scummy,1
article,4
pau,1
butcher,3
reproach,4
footwear,1
defy,2
concise,1
fuzzy,3
revere,1
spire,3
onyx,1
confuse,2
prat,4
expel,1
fluorescent,2
propeller,1
symbol,1
precedence,2
practicality,3
coffin,1
cabaret,1
garner,1
diplomat,1
finland,1
baba,1
preseason,1
multistory,3
orchid,6
vase,5
fora,1
inwards,3
creamy,2
counterpart,3
classic,1
dimmer,2
heartfelt,2
pip,1
flew,4
bream,1
mayonnaise,1
soulless,7
minnie,1
painter,1
autograph,1
object,1
stimulation,2
gong,1
medieval,2
sprayer,2
bizarre,2
porta,11
leaky,1
sensory,1
prehaps,1
balancing,1
disconcerting,1
hospitable,1
comply,2
bedcover,1
hoist,2
adrenaline,1
sienna,5
inlaw,2
curfew,4
stingy,1
damask,1
cabbage,1
charismatic,1
campanile,5
objectivity,1
liana,1
correspondent,2
bitten,3
juke,2
graveyard,3
quay,102
granny,1
gauge,3
gangplank,1
boozy,1
atlas,1
hellhole,1
pompa,1
rabid,1
brain,3
picnic,5
mantel,1
gunter,4
reheat,1
tempo,1
achievement,2
els,2
eric,1
timetable,1
pinch,3
internals,1
solid,2
semblance,1
conceal,2
gloom,2
attenuation,1
genius,3
recipe,2
cope,7
perle,1
thinking,15
visa,5
spine,1
peninsular,1
basso,1
savor,1
dwell,1
socialize,3
toro,1
receptive,1
abode,3
carpentry,1
overcoat,1
congress,2
jinks,1
rho,1
ruckus,1
leaving,1
halves,1
allocation,5
summary,3
squeaking,1
cor,1
monk,1
gamba,2
sack,1
accusation,1
necessitate,1
sparkle,4
stance,1
stupidity,1
washbowl,1
overstatement,1
congeniality,1
cig,1
bora,1
cock,2
lager,4
softness,3
fiesta,7
hydrotherapy,1
puff,1
falcon,1
spar,2
install,2
ure,1
wonky,2
un,1
alter,1
bloodstain,1
diameter,1
glycerin,1
alma,2
fluctuate,1
champ,2
smalls,1
calamity,1
murder,1
cooker,2
madhouse,1
vale,1
vell,6
attent,1
hydro,3
multihead,1
compass,1
misfortune,7
joyless,1
celeste,1
warner,2
tar,2
proceed,2
abysmal,1
shaky,1
copier,1
greenhouse,4
overdraft,1
howling,1
actuality,2
kay,1
glassware,1
porthole,2
belive,2
faro,1
primavera,1
pagan,1
semiprivate,2
semiluxury,1
latch,3
strick,1
writing,3
lookout,2
text,2
guessing,4
monarch,1
kona,1
rattan,1
intermittent,1
loft,1
waterless,1
formless,1
occupation,1
substation,1
re,1
farce,1
traipse,1
hornet,1
alameda,1
rusk,1
consistence,1
snowstorm,3
tiptop,2
rejuvenate,1
show,1
turnoff,1
wast,1
compressor,2
kelp,1
begging,1
metamorphosis,1
speedboat,3
nock,1
green,2
rebuilt,1
thow,1
radiation,1
fought,1
looby,1
oriental,5
pression,2
occidental,4
flooding,6
berth,2
dough,2
candlelit,2
loser,2
conduct,3
tact,1
experiment,2
turnover,2
holy,2
para,2
poisoning,5
fam,1
grin,1
swath,1
tragedy,2
manilla,1
busyness,1
arcade,5
insulin,1
brisk,2
pittance,1
concentrate,2
asylum,2
inane,1
seduction,1
obtuse,1
persist,2
subside,2
multitude,8
scout,2
entail,1
prior,2
maxwell,3
whomever,1
snootiness,1
beachy,1
puddle,2
credibility,1
compassion,3
spit,1
roadside,2
vincent,6
gether,1
hostage,1
crunchy,1
attach,1
debauchery,1
dug,2
makeshift,2
bleak,1
anyplace,3
doorway,3
combat,1
overcome,1
bowery,1
herald,2
formation,1
aluminum,1
roughness,1
discrimination,3
gorgeousness,1
woody,1
shinny,1
hura,1
chevy,1
clockwork,3
smiling,2
elevation,1
roxy,1
glimpse,11
awoke,3
inset,1
burro,1
viva,1
fascination,1
sprung,1
linten,1
tango,2
teapot,1
reside,1
ministry,1
leadership,3
tou,3
noy,1
resemblance,2
tor,3
lasting,1
induction,1
poof,2
tilth,1
genie,1
franchise,1
mangy,1
roomie,2
mauve,1
roadhouse,1
maniac,2
oblige,2
penultimate,1
bluff,1
peculiar,1
myriad,1
bugger,1
hare,2
pimlico,14
constitution,4
contributor,2
hump,1
sweating,1
shortcoming,1
gage,1
rubbish,4
hover,2
parcel,1
incredibly,1
bazaar,2
premiership,2
broadcast,1
throu,1
adopter,1
disability,1
costume,1
memento,1
spinning,1
zeta,1
discretion,1
magnet,2
wase,1
shelter,3
characterless,3
snooker,2
objection,1
tepid,1
glide,1
defrost,1
suspicion,1
riffle,1
virtue,1
rectify,4
grooviness,1
viewless,1
cashier,2
muggy,1
bouncer,1
needing,2
accrue,1
mirage,2
glittering,1
strait,2
predict,1
powerhouse,2
precinct,1
tucker,2
vegetarian,1
supportive,1
timeless,1
botanic,4
lighter,3
circular,2
thew,1
growth,1
salespeople,1
demonstrate,1
gull,1
decency,1
collapse,4
incidence,1
convict,1
forecourt,2
fiend,1
deeply,3
rapt,1
profuse,1
alan,7
individual,1
overpass,3
cockle,1
motorway,2
hose,1
commit,2
mash,3
utter,1
someone,2
competency,1
replete,1
lee,2
nye,1
brothel,2
fox,1
tol,1
hesitance,1
loving,1
sketch,1
mu,2
itinerary,2
imprint,2
physics,1
apologetic,1
planetarium,1
vegetable,1
degustation,3
cargo,1
iota,1
aeroplane,1
fright,1
desperate,3
timber,2
gala,4
deed,2
receipts,3
illusion,1
evaluation,2
juxtaposition,1
nudge,1
quadrangle,1
shifty,1
accompaniment,1
intercom,2
plot,2
intervention,3
presume,3
hie,1
leery,2
applaud,1
crescent,2
troublesome,1
stemware,1
division,2
cremorne,2
altercation,1
headland,1
woodwork,1
domain,2
dormer,1
persona,1
compote,1
forgive,1
challis,1
hater,1
wharfside,1
boast,5
manta,1
stampede,1
merry,1
kiss,1
centennial,3
rerent,1
invoice,1
neglect,1
notation,1
fragrant,2
thermos,1
dick,1
springy,1
overcast,2
familiarity,1
veteran,1
carter,2
tear,1
sparkly,1
kneel,1
witch,3
coss,1
fury,1
fumigate,3
decrease,2
tend,2
purge,1
irate,2
eloquent,1
washcloth,1
judgment,1
frozen,1
regroup,1
panties,1
beanie,1
bard,1
foolish,1
diving,1
slush,1
brutal,4
survivor,1
amination,1
sailing,1
scotia,3
dispose,1
rake,2
hunger,1
postgraduate,1
infrastructure,4
hitch,3
vast,4
protect,1
embargo,2
nonlanguage,1
poultry,1
mare,6
jane,1
faculty,1
sate,1
nostrum,2
bout,1
crass,2
backtrack,1
stereotype,2
winnings,1
tote,2
violation,3
hostile,1
cardona,1
striking,1
mist,2
draper,1
palette,1
gargle,1
shaker,4
slider,2
matching,1
nonstop,2
system,1
hind,1
repaint,2
supervise,2
morgue,1
dey,3
skyscraper,4
hoofed,1
expression,4
alliance,1
medallion,1
heliport,1
parlor,1
drafty,1
blackberry,2
accentuate,1
tick,4
enhance,3
phenomenal,1
concurrence,1
amply,1
alias,1
bellow,1
bambino,1
strap,2
fascinating,2
pasteur,7
monsieur,2
salle,1
magnifico,3
calculate,1
succession,1
mannequin,1
flank,1
standpoint,3
wag,1
hinder,2
chico,1
cockup,2
sucre,2
yer,1
leakage,1
recline,1
rougher,1
admiration,1
shone,2
sardine,1
mower,1
footpath,1
alure,1
prawn,2
reassurance,1
philosophy,1
relentless,2
haughty,2
clarendon,7
assault,1
sounding,1
tint,1
recruit,1
bethel,1
rejuvenation,1
camus,1
skill,2
repellant,4
gratifying,1
entourage,2
curvy,1
knockoff,2
anecdotal,1
dumping,1
imaginable,1
palate,1
quet,2
tart,3
tipsy,1
boathouse,1
midwinter,1
empathy,1
nowadays,2
demonstration,3
facial,2
fe,1
ahem,2
somewhat,1
masculine,2
submarine,1
pinkish,1
shoddy,2
bodybuilder,1
personable,1
breezeway,1
bloom,2
syndicate,1
creation,3
hawk,1
drugstore,1
overbearing,3
insecure,1
arroyo,1
plantain,2
whiner,1
fouth,1
diaper,1
pail,2
anchor,1
argo,1
soma,2
inventory,1
whine,1
framework,1
foster,1
follow,5
reorder,2
subject,2
cheetah,1
segment,1
sunglass,1
mermaid,2
triton,2
puffy,1
sarcasm,1
dry,1
cacophony,1
verdict,1
detractor,1
yawner,1
spacy,3
sincerity,1
propane,2
proficient,2
pedal,1
blazing,1
ordeal,2
faceless,1
rethink,2
camaraderie,1
baseboard,1
motivate,2
eureka,2
thoughtfulness,1
ignition,1
batter,1
tenacity,1
aspire,1
borderline,1
blank,2
cum,1
brashness,1
tribune,1
pili,1
guzzle,1
hoard,1
marblewood,1
interference,1
thinness,3
extraction,1
mila,2
powerless,1
resolute,1
extortion,1
openness,1
hau,7
renter,1
mute,1
terrazzo,1
topping,1
inappropriate,1
abbey,3
qualify,1
messing,1
preview,2
autumn,4
whisky,1
symptom,1
beta,1
continuation,1
jazzy,1
scroll,1
ea,2
spurge,1
balloon,6
helium,2
nag,1
inclination,2
adobe,1
stint,2
dure,1
warmness,1
headlock,1
segregate,1
pleading,1
asthma,1
washing,2
dor,5
clapboard,1
adventuresome,1
visita,2
seed,1
debris,3
vessel,1
diet,1
ropes,1
drown,1
wrack,1
wim,1
tenner,1
perdu,1
hakim,1
handsome,1
senator,8
throne,2
curve,2
soli,1
dental,1
bode,1
pardon,1
semihard,1
jakes,1
viewpoint,1
raving,2
fervor,1
hah,1
thyme,2
inside,2
marimba,2
probe,1
elder,1
chart,1
projector,3
sprawl,1
connote,1
waken,1
insolation,1
sunlit,1
reuse,1
litany,1
deodorizer,1
reasoning,1
adagio,17
cortez,9
oki,1
mina,1
demure,1
squash,2
restoration,1
infest,1
lino,1
outright,1
serving,1
blanca,1
fumigation,1
talcum,1
strawberry,3
ambivalent,1
chippy,1
shudder,2
munga,1
lure,3
blare,1
ego,2
teething,1
snarl,1
commensurate,1
emptor,1
investor,1
casing,1
masa,1
transcendental,1
weel,1
sewn,1
paranormal,1
vote,2
cayenne,2
sealing,1
shyster,1
disrespectful,1
warp,4
marbles,2
beau,2
bendy,1
monoculture,1
elaboration,1
allan,1
vie,2
pronunciation,1
abruptness,1
hammer,2
consultation,2
velvety,1
condone,1
funkiness,1
earning,1
gig,2
tantrum,1
verge,3
corkscrew,2
assembly,1
marblelike,1
marguerite,1
baker,2
cline,1
reel,1
mag,1
cuddle,1
accessory,1
rainfall,4
roomer,1
err,1
cockatoo,1
existence,1
pino,7
barramundi,1
pounce,1
bases,3
preregister,1
cob,1
avocado,3
refugee,1
mirador,5
farewell,2
averse,2
dehumidifier,2
ward,1
aboard,1
principle,4
redevelopment,2
lace,1
weber,2
skull,1
drone,1
carnivore,1
termination,1
spruce,1
comfortableness,1
dali,1
bloke,1
coarse,1
geologist,1
cowboy,3
herebefore,1
interval,3
legacy,2
monastery,2
hairbrush,1
lightning,1
comprise,1
truism,1
sung,2
fizz,1
custard,2
barmaid,1
plaque,1
staggering,1
inspiring,1
salesperson,1
esplanade,1
akin,1
serviette,1
obligation,2
relet,1
gill,1
seller,1
tera,1
leant,1
piccolo,1
quo,2
bore,2
lavatory,1
causing,2
bray,1
pep,1
moo,1
purple,2
altitude,1
lance,2
berri,1
specification,1
affectionate,1
barking,4
impede,1
ointment,1
pram,1
bowler,1
opus,1
webby,1
offhand,2
sinus,1
pressing,2
affinity,1
octopus,2
allure,1
stead,1
creek,1
newmarket,1
piscine,1
flirt,1
bedpost,1
merchandise,3
poop,2
horrid,2
pilon,1
giardia,1
pray,3
irony,1
upsetting,1
culprit,1
flora,1
smash,1
consult,1
higuero,1
deduction,1
maestri,1
robber,1
electrocute,1
absorber,1
impairment,1
exhaustion,2
mislead,1
ar,2
staining,1
sander,1
morocco,1
beating,1
appear,2
alight,1
vibrate,2
skyscape,1
pose,2
known,1
unprofessionalism,1
demos,1
offshoot,1
duplex,6
milieu,1
progeny,1
paddling,1
unaccommodating,1
knocking,1
nasi,4
disease,1
sclerosis,1
injection,3
origin,1
refresher,2
yuan,6
bureaucracy,1
marker,1
causeway,15
hardware,2
flock,1
grandiose,1
tst,8
untill,2
polos,1
lung,3
rot,1
diligent,1
warren,2
courteousness,1
hippo,1
aquamarine,1
tupelo,1
pence,2
paragon,4
straightaway,1
yen,16
nickle,1
humankind,1
panoramic,2
earthquake,6
tremor,1
anime,1
southeast,2
imminent,1
endorse,2
portman,1
overtime,1
regulation,1
vita,1
envisage,1
deferent,1
hallmark,2
hawker,10
muster,2
sane,2
settling,1
tiffin,4
handiness,1
pathway,2
equinox,2
singh,1
detective,1
visible,1
kopi,1
tatty,1
nonchalant,1
deterrent,1
jap,1
claustrophobia,1
addiction,1
expansive,1
reactivate,1
happily,1
clark,4
duel,1
toa,1
raindrop,2
cricket,2
ava,1
obsequiousness,1
nonchalance,1
rung,2
intrigue,1
slipproof,1
workmanlike,1
weaving,1
ikat,1
quotation,2
exclamation,1
herb,1
coil,3
gastronomic,1
slope,3
opportunism,1
gan,1
reinforce,1
fitters,1
steamy,1
baru,1
carriageway,1
industriousness,1
grimy,1
beaming,1
bale,3
generate,1
gardenin,1
li,1
remoteness,1
forgo,2
ilk,1
perfecto,1
clubbing,1
mixed,1
equivalent,2
adjust,2
kerry,5
jing,2
oozy,1
parma,1
render,1
formality,2
flurry,1
grip,3
stuffiness,1
blot,2
mosaic,3
possess,1
boycott,1
misleading,1
waistline,1
laser,3
typhoon,2
prosperity,1
reposition,1
suffocate,1
spore,1
expanse,1
context,3
rasa,1
vocation,1
gaze,2
vastness,1
pac,2
imposing,1
lapse,1
ammonia,1
eastern,1
toke,1
trice,1
choir,1
uncaring,1
solvent,1
peekaboo,1
spender,1
swum,1
slipper,1
variance,1
shallows,1
goback,1
changer,2
wedge,1
babe,1
os,1
indiscipline,1
disservice,1
bene,1
semiurban,1
distribution,1
wiring,1
pacemaker,1
rupiah,5
equator,1
bluebird,1
lotus,3
volcano,7
revolution,1
kang,1
biography,1
steaming,1
kosher,1
denomination,1
cuckoo,1
regime,1
sludge,1
halogen,4
shavings,1
wang,1
dong,2
redig,1
maha,2
pita,1
consist,1
default,3
busser,1
browser,2
dinosaur,1
root,1
vibrancy,2
appendix,1
consulting,1
controller,1
contempt,1
fade,2
isolation,1
halal,2
clump,1
pillowcase,1
wrench,1
initiative,1
cachet,1
commune,1
hammersmith,1
pedicab,1
retail,1
chang,1
congee,1
soy,1
morn,1
mosque,2
grading,1
daft,1
proctologist,1
tumbler,2
brushes,2
abalone,1
privet,1
hugging,2
fungi,1
gud,1
eleven,1
tardy,1
comedown,1
gingerbread,2
chiller,1
gutter,1
manila,1
flog,1
integration,1
mong,3
teathe,1
peculator,1
artificial,1
cosiness,1
homesickness,1
compelling,1
canton,1
salesman,1
reliable,2
chai,3
admiralty,2
cheng,1
commentary,1
chug,1
porer,1
overhead,2
thereabouts,1
barge,4
modernity,2
align,1
discontent,1
interface,1
logos,1
styling,1
shanghai,4
manual,1
campaign,2
vacate,1
bord,1
unavailability,1
realization,1
lurch,1
deaf,2
hoe,1
withstand,3
bonsai,2
jati,1
graceless,1
flannel,3
lengthy,1
theyll,1
utilize,1
fugu,1
intrusive,2
plainer,1
northwest,1
barong,1
reptile,1
camilla,1
elephant,1
colossal,1
calves,1
seaweedy,1
garland,1
fantasticly,1
fortnight,1
westerner,2
weedy,1
coy,1
frisky,1
worship,1
alway,2
batch,2
batik,1
dynasty,2
complacent,1
clack,1
anthem,1
seasickness,1
hermit,1
frangipani,2
netting,1
dairy,2
showy,1
recliner,1
recreate,1
sensation,1
chalet,2
unefficient,1
hallelujah,1
welt,1
spilt,1
balustrading,1
childless,1
raja,1
scissors,2
bounty,4
alert,2
prana,2
eternity,1
boudoir,1
sec,3
pesticide,1
luckily,1
mem,1
buss,2
packer,1
penang,1
prank,1
woo,1
tablecloth,1
cobblestone,1
astonishing,1
mistress,1
insistence,1
spectrum,1
seething,1
laden,1
preplan,1
bungy,1
unimaginative,1
pharmacist,1
cush,1
buoy,2
weapon,1
wristband,1
extermination,1
outbreak,1
casabe,1
canna,1
sprite,1
jay,1
fifty,1
ducat,2
enforce,1
evergreen,1
gymnastics,1
han,1
skal,1
limestone,1
buda,1
boating,1
wading,1
ski,1
mediate,1
discriminating,1
medley,1
umbra,1
pho,1
cranky,2
theory,2
settlement,1
bourdon,1
raff,1
brutalism,1
inbound,1
innovation,1
stanhope,2
bisque,3
digger,1
pipework,1
dissenting,1
beginner,1
benny,1
routine,2
regularity,1
teahouse,1
jenny,2
bizz,1
ordinance,1
stary,1
frightening,1
wrangler,1
obstacle,1
emit,1
summerlike,1
samba,1
cote,1
sanctuary,2
lottery,1
replicate,2
interbank,1
summation,1
rapid,1
fallback,1
capriccio,1
header,1
improving,1
hanna,2
overboard,1
wad,1
ambar,3
gabby,2
beard,1
turban,1
chunk,4
cleanup,1
fiver,1
incredible,1
pouring,1
bylaw,1
vocalist,1
bach,1
blase,1
wahoo,2
stickers,2
showcase,2
nelson,4
satiate,1
bulletin,1
notify,1
duplication,1
eddy,1
miner,1
contingency,1
gangster,1
attractiveness,1
juvenile,1
ankle,1
preservation,1
dinero,1
oxtail,1
cramping,1
synopsis,1
ingredient,1
nautics,1
arthritis,1
plage,3
strident,1
crust,1
dweller,1
meager,2
quibble,1
artiste,1
tablespoon,1
procession,1
petition,1
teatime,1
basque,1
dama,1
format,1
brewing,1
tine,1
wah,1
baht,1
repute,1
impossibility,1
punt,2
hinderance,1
foggy,2
cloister,1
daresay,1
rebel,1
bookstore,2
proscenium,1
thrift,1
pommel,1
booster,1
cocoon,1
partnership,1
pretension,2
tread,1
briskly,1
servility,1
bool,1
brainer,2
epicenter,1
screening,1
spotting,1
cloudless,1
toe,1
poetry,3
volt,1
magnificence,1
minot,1
balsamic,1
habitat,1
poem,1
coeliac,1
brickwork,1
citation,1
laze,1
waka,1
wilderness,1
deer,1
distinct,1
scratchy,1
luncheonette,2
buttercup,1
buttery,1
modicum,1
interest,1
brook,1
gorgeous,1
tikka,1
mutton,1
intriguing,1
jubilant,1
hopper,1
lurid,1
audition,1
fairground,1
separates,1
operating,1
centry,1
complementary,2
mackintosh,1
ultra,1
fitout,1
dinky,2
rife,1
transferring,1
grotto,1
council,1
procrastination,1
herringbone,1
swallow,1
tuition,1
hewn,1
inspiration,1
rushed,1
craze,1
delicate,1
beckon,1
muller,1
endeavor,1
vital,1
fiddler,1
hough,1
composure,1
caller,1
contraption,1
overstate,1
snap,1
forbid,1
beetle,1
awareness,1
harass,4
romper,1
generosity,1
moaning,1
remarkable,1
dynamism,1
manifold,1
snub,1
bomber,1
gogo,1
unfair,1
meridian,1
bedmate,1
brigade,1
pal,1
pikey,1
stricken,1
maisonette,1
regeneration,1
cramp,1
biotics,2
prisoner,1
rabies,1
remorse,1
swept,1
vain,1
bowling,4
malice,1
reappear,1
bill,1
surfboard,1
trooper,1
rooster,1
booty,1
rivage,1
peg,1
thrown,1
canto,1
tableware,1
caprice,1
gaddi,1
dropper,1
accumulation,1
accompany,1
affiliation,2
witty,1
western,2
mismatch,1
whichever,1
chatty,2
sari,9
taximan,1
oleo,1
offerer,1
situate,1
devout,1
lifesaver,1
accomplishment,1
vivacity,1
get,1
lim,1
lux,1
contrary,1
aspirin,1
koa,1
phases,1
doss,2
loa,1
forward,1
gist,1
healing,1
incline,1
constellation,1
pent,1
alamo,2
smidgen,1
panting,1
gratitude,1
metropole,2
dense,1
fuller,2
exaggerating,1
headless,1
washen,1
apex,2
attender,1
addict,1
ripper,1
cameo,1
withdrawn,1
rounder,1
remede,2
cartridge,1
plat,1
brightness,1
steamer,1
longue,2
soothing,1
tackiness,1
sap,1
cremation,1
ay,1
dread,1
blasting,1
acoustics,1
matsuri,1
tireless,1
rematch,1
toughness,1
biting,2
atlantic,1
click,1
sicker,1
someway,1
shaw,1
topper,1
combed,1
lina,1
humility,1
aplenty,1
noel,2
ga,1
reschedule,2
expiration,1
gat,1
idyllic,1
angst,1
omen,1
awaken,1
barb,1
daily,1
cabinetry,1
estimation,1
wand,1
yin,1
pluck,1
cockpit,1
cleam,1
crispy,1
subbranch,1
bib,1
salient,1
thorough,1
won,1
dale,1
timid,1
astray,1
rotisserie,1
projectile,1
commenter,1
puzzle,4
worthy,1
adept,1
skepticism,1
patrol,1
escalate,1
fives,1
inspector,1
barragan,1
intelligent,1
hidalgo,1
grad,1
thermometer,1
gulf,1
intake,1
elite,1
mussel,1
literate,1
cruse,1
veer,1
watt,2
rehydrate,1
bane,1
flicker,1
souplike,1
fob,1
majo,1
thoroughness,1
cushy,2
grapevine,1
complicate,1
marsh,1
frugal,1
ti,1
bribe,1
twas,1
intrude,1
dynamics,1
grounding,1
caroline,1
ting,1
lanson,1
rim,1
snails,1
fling,1
growing,1
nonconfirmation,1
viertel,1
snip,1
riverbank,1
rid,1
drench,1
alphabet,1
modernize,1
wong,1
bakeshop,1
cark,1
patchy,1
rickshaw,1
indy,1
degenerate,1
wishing,1
prey,1
streetwise,1
loathe,1
cantor,2
sura,1
creativity,1
coal,1
revival,1
clergyman,1
tuts,1
footwork,1
loop,1
pillar,1
refreshen,1
lateness,1
optimal,1
zarzuela,1
goo,1
macro,1
macco,1
wreak,1
kaka,1
committee,1
ethics,1
skit,1
dint,1
salamander,1
touchy,1
mela,25
rare,1
mania,1
bijoux,1
savour,1
solace,1
reed,1
abut,1
intelligence,1
toilette,1
taro,1
firelit,1
rebate,1
stylist,1
leverage,1
irregardless,1
smudge,1
skipper,2
collie,1
herd,1
bater,1
sober,1
bargainer,1
weighing,1
realm,1
lash,1
headstream,1
corroboration,1
sumner,7
waft,1
sherlock,1
digital,1
exorbitant,1
consciousness,1
shipping,1
paneling,1
ply,1
paternoster,1
fogless,1
regulator,1
brandy,1
drift,1
tec,1
intricate,1
preholiday,1
vogue,1
bookshop,1
holler,1
alike,1
doze,1
divider,1
travertine,1
shrill,1
michigan,1
flashlight,1
obsession,1
scrimp,1
industrialism,1
bead,1
yank,1
ouf,1
dragging,1
deficient,1
hick,1
swing,1
nit,1
ratty,1
profession,1
bundle,1
encompass,1
ach,1
traversing,1
overpromise,1
greenbrier,1
astute,1
inobtrusive,1
encyclopedia,1
continuum,1
exposition,1
religion,1
arise,1
footstep,1
zipper,1
smug,1
pontoon,1
tania,1
provincial,1
evaluate,1
ruff,1
pice,1
counteract,1
fife,1
climbing,1
stud,1
gyn,1
ditch,1
merlin,1
moonlit,1
kerrie,1
castaway,1
rotation,1
liar,1
german,1
replenish,1
joss,1
grumpiness,1
telford,1
roomlet,1
valve,1
trusty,1
bow,1
cora,1
aggressiveness,1
oakwood,3
waking,1
forbidden,1
contradict,1
argent,2
tommy,1
prius,1
reborn,1
redemption,1
telegraph,1
childhood,1
dispense,1
aggregator,1
radar,1
coup,1
pregnant,1
publicity,1
slimy,1
refectory,2
tutu,2
straighten,1
threat,1
afore,1
sandman,1
billa,1
immature,1
washstand,1
needy,1
concha,2
courthouse,1
viaduct,1
dreamless,1
toxic,1
shilla,1
cedar,1
aerate,1
neutralizer,1
